ID	Tm	Predicted Melting Point (Replica 2)	Sequence
WP_132183354.1	52.07	58.58965683	MPYKETDPQTSGNFRAGRLTPRRTGLLGRRIAVATAALFATAAVVVAVRPALAADNPYQRGPNPTAASVAASRGTFATTQVNVPAGNGFGGGVIYYPTDTSQGRFGAVAIVPGYTATWAAEGAWMGPWLASFGFVVIGIDTNSRNDWDTARGQQLLAALDYLTQRSSVRDRVDASRAAVMGHSMGGGGAMYAALQRPSLKAAVGLAPFSPSQSLNNMRVPTMLLAGQNDGTTTPASILNHYNAIPAASEKAYLELAGADHGFPTSNNPTMMRNVIPWLKIFTDSDTRYTQFLCPLSNWSGIRAYQSSCPLVPSPVPTTSPTASPPSGQRYEAEDAPAVCQGTIDSNHAGFSGSGFCNGTGAVGAYAQFTVNTSAAGTAALGVRFANGASGARSANLVVNGTTVATVSFESTGAWSTWVTKNLTASLNAGSNTIRLSPTVADGLPNIDYLTVGAA
erickson_306	92.57	61.25515747	MKVKSKPLTLYNVSGDRITADVHFVESFLPAPVVIYSHGFLGFKDWGFIPYVAERFAENGFVFVRFNFSHNGIGENPNKITEFDKLAKNTISKQIEDLTAVIEYVFSDEFGVLNDGQLFLLGHSGGGGISIIKAVEDERVRALALWASISTFRRYSKHQIEELEKNGYIFVRVPDSVIQVKIEKIVYDDFVENSERYDIIKAISKLKIPILIVHGTADAIVPLAEAEKLRNSNPEYTKLVLISGANHLFNVKHPMEHSTDQLDKAIDETVLFFKKIIENKKADLEHHHHHH
WP_116180173.1	87.74	62.5738945	MQPQQKARRWFTRSSAVLAVVLALAAGGLAATAAPAYADQVGQAPTAANITGDGSFATASAPITNQTGFGGGTVYYPTAAGTYPVVAVVPGFVSTWSQISWLGPRVASWGFVVVGADTTSGFDSPSQRADELLAALNWAVNSAPAAVRGKVDGTRRGVAGWSMGGGGTLEALAKDTTGTVKAGVPLAPWDIGQDFSKVTKPVFIVGAQNDTIAPPAQHAVPFYNAAAGPKSYLELAGADHFFPTTANPTVSRAMVSWLKRFVSSDDRFTPFTCGFAGAAVSAFRSTAC
erickson_501	86.91	53.50069427	MSNPYQRGPNPTRSALTADGPFSVATYTVSRLSVSGFGGGVIYYPTGTSLTFGGIAMSPGYTADASSLAWLGRRLASHGFVVLVINTNSRFDYPDSRASQLSAALNYLRTSSPSAVRARLDANRLAVAGHSMGGGGTLRIAEQNPSLKAAVPLTPWHTDKTFNTSVPVLIVGAEADTVAPVSQHAIPFYQNLPSTTPKVYVELDNASHFAPNSNNAAISVYTISWMKLWVDNDTRYRQFLCNVNDPALSDFRTNNRHCQLEHHHHHH
CUM11140.1	82.97	55.84525299	MVWASPSVEAQSNPYQRGPNPTRSALTADGPFSVATYTVSRLSVSGFGGGVIYYPTGTSLTFGGIAMSPGYTADASSLAWLGRRLASHGFVVLVINTNSRFDYPDSRASQLSAALNYLRTSSPSAVRARLDANRLAVAGHSMGGGGTLRIAEQNPSLKAAVPLTPWHTDKTFNTSVPVLIVGAEADTVAPVSQHAIPFYQNLPSTTPKVYVELDNASHFAPNSNNAAISVYTISWMKLWVDNDTRYRQFLCNVNDPALSDFRTNNRHCQ
AEV21261.1	82.97	58.62973404	MDGVLWRVRTAALMAALLALAAWALVWASPSVEAQSNPYQRGPNPTRSALTADGPFSVATYTVSRLSVSGFGGGVIYYPTGTSLTFGGIAMSPGYTADASSLAWLGRRLASHGFVVLVINTNSRFDYPDSRASQLSAALNYLRTSSPSAVRARLDANRLAVAGHSMGGGGTLRIAEQNPSLKAAVPLTPWHTDKTFNTSVPVLIVGAEADTVAPVSQHAIPFYQNLPSTTPKVYVELDNASHFAPNSNNAAISVYTISWMKLWVDNDTRYRQFLCNVNDPALSDFRTNNRHCQ
erickson_611	76.21	48.17516708	MAEPADVHGPDPTEESITAPRGPFEVDEESVSRLSVSGFGGGTIYYPTDTTDGLFSAVSISPGFTGTQETMAWYGPRLASQGFVVFTIDTITTTDQPDSRARQLQASLDYLVNDSDVKDIIDPARLGVMGHSMGGGGSLKAALDNPALKAAIPLTPWHTTKDFSGVQTPTLIIGAQNDTVAPVSQHAKPFYESLPDDPGKAYLELAGASHLAPNTDNTTIAKFSIAWLKRFLDDDTRYDQFLCPPPENDDSISDYQSTCPYLEHHHHHH
erickson_202	75.13	70.74359131	MVDITGNGMAATAPTDERIVDKPLPQPQIRSGNVRAMPAARKLAQEHGIDLSTLTGSGPGGVIVKEDVERAITARAVPVSPLQRVNFYSAGYRLDGLLYTPRHLPAGERRPGVVLLVGYTYLKTMVMPDIAKVLNAAGYVALVFDYRGFGESEGPRGRLIPLEQVADARAALTFLAEQSMVDPDRLAVIGISLGGAHAITTAALDQRVRAVVALEPPGHGARWLRSLRRHWEWRQFLSRLAEDRRQRVLSGGSTMVDPLEIVLPDPESQAFLDQVAAEFPQMKVTLPLESAEALIEYVSEDLAGRIAPRPLLIIHSDADQLVPVAEAQAIAERAGSSAQLEIIPGMSHFNWVMPGSPGFTRVTDSIVKFLRNTLPVSADNLEHHHHHH
WP_084578793.1	72.05	56.89471436	MRRIEVHAGRAGTRSLGQVWRWFAVAVGLAVVTAVAGAVPATAAENPHQPGQVQVAENLYQRGPDPTKQSVTTAGTFATATMNVSEFRKGVIYYPTDTSHGTFGAIAFIPGYNGSWAALEWTGPWLASFGFVVIGFEAANPGDGDAARGTQLLAALDYLTQRSPVRGRIDPNRTAVIGHSMGGGGAMSAASKRPSLKTAIGLAPAIFSTNMKTLKVPAMVMVGQKDTTVSPSYAKNFYNQIPTKKAYVELTGATHGFPSWKPNSVMMRKVVPWFKVFLDNDARYTQFLCPQLDSTGVSAYQSTCPLLPGGSASTSTDHEAVNPAAVHTGAINSHYPG
erickson_BTA-1	71.94	44.49837112	MANPYERGPNPTDALLEASSGPFSVSEENVSRLSASGFGGGTIYYPRENNTYGAVAISPGYTGTEASIAWLGERIASHGFVVITIDTITTLDQPDSRAEQLNAALNHMINRASSTVRSRIDSSRLAVMGHSMGGGGTLRLASQRPDLKAAIPLTPWHLNKNWSSVTVPTLIIGADLDTIAPVATHAKPFYNSLPSSISKAYLELDGATHFAPNIPNKIIGKYSVAWLKRFVDNDTRYTQFLCPGPRDGLFGEVEEYRSTCPFLEHHHHHH
erickson_715	71.83	44.49837112	MANPYERGPNPTDALLEASSGPFSVSEENVSRLSASGFGGGTIYYPRENNTYGAVAISPGYTGTEASIAWLGERIASHGFVVITIDTITTLDQPDSRAEQLNAALNHMINRASSTVRSRIDSSRLAVMGHSMGGGGTLRLASQRPDLKAAIPLTPWHLNKNWSSVTVPTLIIGADLDTIAPVATHAKPFYNSLPSSISKAYLELDGATHFAPNIPNKIIGKYSVAWLKRFVDNDTRYTQFLCPGPRDGLFGEVEEYRSTCPFLEHHHHHH
erickson_703	70.86	44.48647308	MANPYERGPNPTDALLEARSGPFSVSEENVSRLSASGFGGGTIYYPRENNTYGAVAISPGYTGTEASIAWLGERIASHGFVVITIDTITTLDQPDSRAEQLNAALNHMINRASSTVRSRIDSSRLAVMGHSMGGGGSLRLASQRPDLKAAIPLTPWHLNKNWSSVRVPTLIIGADLDTIAPVLTHARPFYNSLPTSISKAYLELDGATHFAPNIPNKIIGKYSVAWLKRFVDNDTRYTQFLCPGPRDGLFGEVEEYRSTCPFLEHHHHHH
erickson_701	70.28	44.49918365	MANPYERGPNPTDALLEARSGPFSVSEENVSRLSASGFGGGTIYYPRENNTYGAVAISPGYTGTEASIAWLGKRIASHGFVVITIDTITTLDQPDSRAEQLNAALNHMINRASSTVRSRIDSSRLAVMGHSMGGGGSLRLASQRPDLKAAIPLTPWHLNKNWSSVRVPTLIIGADLDTIAPVLTHARPFYNSLPTSISKAYLELDGATHFAPNIPNKIIGKYSVAWLKRFVDNDTRYTQFLCPGPRDGLFGEVEEYRSTCPFLEHHHHHH
erickson_714	69.96	44.51003265	MANPYERGPNPTDALLEARSGPFSVSEENVSRLSASGFGGGTIYYPRENNTYGAVAISPGYTGTEASIAWLGERIASHGFVVITIDTITTLDQPDSRAEQLNAALNHMINRASSTVRSRIDSSRLAVMGHSMGGGGSLRLASQRPDLKAAIPLTPWHLNKNWSSVTVPTLIIGADLDTIAPVATHAKPFYNSLPSSISKAYLELDGATHFAPNIPNKIIGKYSVAWLKRFVDNDTRYTQFLCPGPRDGLFGEVEEYRSTCPFYLEHHHHHH
erickson_704	69.93	44.61078262	MANPYERGPNPTDALLEARSGPFSVSEENVSRLGASGFGGGTIYYPRENNTYGAVAISPGYTGTQASVAWLGKRIASHGFVVITIDTITTLDQPDSRARQLNAALDYMINDASSAVRSRIDSSRLAVMGHSMGGGGSLRLASQRPDLKAAIPLTPWHLNKNWSSVRVPTLIIGADLDTIAPVLTHARPFYNSLPTSISKAYLELDGATHFAPNIPNKIIGKYSVAWLKRFVDNDTRYTQFLCPGPRDGLFGEVEEYRSTCPFLEHHHHHH
WP_132399348.1	69.91	65.12645721	MPRPGIVKWLTAGLAVILGLAMSITTQYAAEAADNPYQRGPDPTLASVAATRGPFATAQATVPAGNGFNGGYVYYPTDTSLGTWGAVAIVPGYSALFADEEAWMGPWLASFGFVVLGIETNSRTDGADARATQLLAALDYLTQSSPVRHRVDANRLGVMGHSAGGAGTLMAALRRPSLKSAVGLAPGAPGNSLNMSTTQVPTMLISGQNDGTVTPSYVQGIYNTLPATVEHAWAELAGNDHLSFTRPNPTEMRILIPWLKIFLDNDTRYTQFLCPLADSTGVSRYSATCPLVPPGGPTAPPTVTPPPPTPTTPSPTTPPTSAACTATYRTVNSWSGGFQGEVTVTAGRAAINGWTVRWDLGNGQSISQVWNGTLSTSGSTATVRNVSYNGSLAPAASTGFGFLGTGAPAIPRLTCTSP
WP_081971423.1	69.23	52.97401428	MGGGVAAVATPALADEIGQAPTASNITGNGSFATTSESISSLVSGFGGGRVYYPTATGRYPVIAISPGFTATWSSLAWIGPRLSSWGFVVVGIETNSIYDQPGSRGNQLLAALNWAVNSSSTAVRSRVDGSRRGVAGHSMGGGGTLEALAADTSGLVKAGVPLAPWNTDKIWSNVSEPVLIVGGQADTIAPVATHSVPFYNTLAGPKTYVELTGASHFFPQTTNATTSRALVSWFKRWLNQDSRFTPYTCGFGGLAVSDFRSNAC
WP_068752972.1	69.1	52.74925232	MSVTTPRRRTPLLSRVLRTAAVAATAAASVLALSAPAQAANPYERGPNPTQALLEARSGPFSVSSERAWRLGSDGFGGGTIYYPRENNTYGAVAISPGYTGTQASVAWLGERIASHGFVVITIDTNTTLDQPDSRARQLDAALDHMLNDASSAVRSRIDRNRLAVMGHSMGGGGTLRLASQRPDLKAAIPLTPWHLNKSWSNVQVPTLIIGADLDTIAPVLTHAEPFYNSIPTSTRKAYLELDGATHFAPNITNSTIGMYSVAWLKRFVDEDTRYTQFLCPGPRTGLFSDVEEYRSTCPF
erickson_705	69.02	44.6791153	MANPYERGPNPTDALLEARSGPFSVSEERASRFGADGFGGGTIYYPRENNTYGAVAISPGYTGTQASVAWLGERIASHGFVVITIDTNTTLDQPDSRARQLNAALDYMINDASSAVRSRIDSSRLAVMGHSMGGGGTLRLASQRPDLKAAIPLTPWHLNKNWSSVRVPTLIIGADLDTIAPVLTHARPFYNSLPTSISKAYLELDGATHFAPNIPNKIIGKYSVAWLKRFVDNDTRYTQFLCPGPRDGLFGEVEEYRSTCPFLEHHHHHH
WP_132413760.1	69.01	52.11953735	MPRTAVSAKLSGSGQRPRRTHGSLGRLFRRTSTTLVAVTAVVASVISTAPASAADNPYERGPNPTQASIAASRGTFATAEVSVGGGNGFAAAKIYYPTDTSQGTFGAIAIVPGYTATWAAEGAWMGPWLASFGFVVIGIDTLSRNDFDTARGTQLLAALDYLTQRSSVRSRVDASRLAVMGHSMGGGGAISAALRRPSLKAAVGLAPFSPSQGTSGMRVPSMLLAGQRDGTVTPSSVRNLYNAIPATTEKAYLELTGAGHGFPTSANSVMMRKVIPWLKIFVDQDTRYQQFLCPLVDWTGITSYQSSCPLIPGGSTGTTYNLVNSSGKCADVNAASQVNGAALLLWTCHTNPNQRWTETSAKELRVYDNPKCMDAGAAQQGTRVTINSCSGGGSQKWTVNANGTVTNDLSGRCLGAAGGATTDNTPLVVASCDGSPGQQWTKQS
erickson_706	68.35	44.64594269	MANPYERGPNPTDALLEARSGPFSVSEERASRFGADGFGGGTIYYPRENNTYGAVAISPGYTGTQASVAWLGKRIASHGFVVITIDTNTTLDQPDSRARQLNAALDYMINDASSAVRSRIDSSRLAVMGHSMGGGGSLRLASQRPDLKAAIPLTPWHLNKNWSSVRVPTLIIGADLDTIAPVLTHARPFYNSLPTSISKAYLELDGATHFAPNIPNKIIGKYSVAWLKRFVDNDTRYTQFLCPGPRDGLFGEVEEYRSTCPFLEHHHHHH
WP_091558835.1	68.3	58.5958252	MALTTLGVAAPPASATERGLAPTAANITGDGSYGVVSATITGASGFGGGVVYYPNATERFPVVAISPGYTERWSSFAWLGRRLASWGFVVVGIETNSLFDQPNSRGTQLLRALDWASSSAPAAVRDRVDATRQGVSGHSMGGGGTLSAMDQRPSVRAGVPLAPWHTTTSWPRVTNPVMILGGQNDGIAPVSSHAIPMYTGVASGEKAYVELAGAGHNFPNSANPIVSRAAVSWFKRFLDDDTRFAPFACDFGGASISQFRSTCPV
SDZ16714.1	68.3	62.20843887	MQRHETIPRPSHRRPRGLHRLTAIAVAAAMALTTLGVAAPPASATERGLAPTAANITGDGSYGVVSATITGASGFGGGVVYYPNATERFPVVAISPGYTERWSSFAWLGRRLASWGFVVVGIETNSLFDQPNSRGTQLLRALDWASSSAPAAVRDRVDATRQGVSGHSMGGGGTLSAMDQRPSVRAGVPLAPWHTTTSWPRVTNPVMILGGQNDGIAPVSSHAIPMYTGVASGEKAYVELAGAGHNFPNSANPIVSRAAVSWFKRFLDDDTRFAPFACDFGGASISQFRSTCPV
erickson_407	68.2	55.62454987	MADNPYQRGPDPTRDSVAASRGTFATASTTVGSGNGFGAGFIYYPTDTSQGTFGAVAIVPGYTATWAAEGAWMGHWLASFGFVVIGIDTINRNDWDTARGTQLLAALDYLTQRSTVRDRVDASRLAVMGHSMGGGGAMYAALQRPSLKAAVGLAPFSPSQNLNGMRVPTMLLAGQHDTTTTPASITSLYNGIPAATEKAYLELSGAGHGFPTSNNSVMMRKVIPWLKIFVDSDVRYTQFLCPLMDNTGIRSYQSTCPLLPGTPTPPNRYEAETSPAVCTGTIASNHTGYSGTGFCDGNNATNAYAQFTVNASAAGSMTLRVRFANGTTTARPASLIVNGSTVQTPSFEGTGAWTTWATKTLTVTLNAGNNTIRFNPTTANGLPNLDYIEIAAPLEHHHHHH
erickson_716	67.71	44.65516281	MANPYERGPNPTDALLEARSGPFSVSEENVSRFGADGFGGGTIYYPRENNTYGAVAISPGYTGTQASVAWLGERIASHGFVVITIDTNTTLDQPDSRARQLNAALDYMINDASSAVRSRIDSSRLAVMGHSMGGGGTLRLASQRPDLKAAIPLTPWHLNKNWSSVRVPTLIIGADLDTIAPVLTHARPFYNSLPTSISKAYLELDGATHFAPNIPNKIIGKYSVAWLKRFVDNDTRYTQFLCPGPRDGLFGEVEEYRSTCPFALELEHHHHHH
erickson_504	67.25	44.855896	MQAQYQKGPDPTASALERNGPFAIRSTSVSRTSVSGFGGGRLYYPTASGTYGAIAVSPGFTGTSSTMTFWGERLASHGFVVLVIDTITLYDQPDSRARQLKAALDYLATQNGRSSSPIYRKVDTSRRAVAGHSMGGGGSLLAARDNPSYKAAIPMAPWNTSSTAFRTVSVPTMIFGCQDDSIAPVFSHAIPFYNAIPNSTRKNYVEIRNDDHFCVMNGGGHDATLGKLGISWMKRFVDNDTRYSPFVCGAEYNRVVSSYEVSRSYNNCPYLEHHHHHH
ADV92527.1	67.23	45.74467468	MANPYERGPNPTDALLEARSGPFSVSEERASRFGADGFGGGTIYYPRENNTYGAVAISPGYTGTQASVAWLGERIASHGFVVITIDTNTTLDQPDSRARQLNAALDYMINDASSAVRSRIDSSRLAVMGHSMGGGGTLRLASQRPDLKAAIPLTPWHLNKNWSSVRVPTLIIGADLDTIAPVLTHARPFYNSLPTSISKAYLELDGATHFAPNIPNKIIGKYSVAWLKRFVDNDTRYTQFLCPGPRDGLFGEVEEYRSTCPF
erickson_601	67.18	44.93317795	MAANPYQRGPDPTESLLRAARGPFAVSEQSVSRLSVSGFGGGRIYYPTTTSQGTFGAIAISPGFTASWSSLAWLGPRLASHGFVVIGIETNTRLDQPDSRGRQLLAALDYLTQRSSVRNRVDASRLAVAGHSMGGGGTLEAAKSRTSLKAAIPIAPWNLDKTWPEVRTPTLIIGGELDSIAPVATHSIPFYNSLTNAREKAYLELNNASHFFPQFSNDTMAKFMISWMKRFIDDDTRYDQFLCPPPRAIGDISDYRDTCPHTLEHHHHHH
WP_089021493.1	66.41	55.52980042	MRGHADHPPLSGNAHADRVSPRSRGRLFKLAAAGIAAAVGLFTVTVATGSASAADNPYQRGPDPTRTSVTAENGPFANTSVSVPTGYGFNGGRIYYPTDTSQGTFGAIAISPGYTALFSAELAWMGPWLASHGFVVIGIETNSRNDFDTARGTQLLAALDYLTQQSPIRDRVDPNRLAVAGHSMGGGGALSAASRRSSLRAVVGIAPYSPSSNLANDRVPTMIFSGQADTVVTPSYATGLYNSLPATTKSVYLEVAGADHGFMVGRSNPVMIRTMLPFVKMFIDNDARYSQFLCPLLDSSGVVTYRSTCPLLPSTPTTPTPTPTDPPTVPPGSANEIVGTQSGRCVDVPNASRNNGTRVQLYDCNKQTNQAWTYTATKQLQVYGNMCLDAAGSGNGAAVQIYSCHSQTNQQWNVNSNGTISSVQSGRCLDAWSTTNGAQIQLYDCHGQTNQQFRLVSLAR
WP_051808300.1	66.17	58.47986984	MRAAATGLALALAVTAGATAVATPALADQIGQAPTASNITGDGSFAVTSSAVSGQTGFGGGTVYYPTQTGTYPVVAIMPGFLELWDAIKWMGPRLASWGYVVVGVNPNSVFDLPDSRGSQLLAALNWAVGSAPSAVQSRADGTRRGVVGYSMGGGGTLEALSRDTSGKVLAGVAFSPWDTNQNWSTVRQPEFIVGAQNDTVAPPAQHAIPFYNSLAGPKTYVELAGADHLWPTSDNPTGSRAMVSWLKRWLNSDSRFTPFTCGFTGSAISASMSNAC
erickson_102	65.96	58.12165451	MQSPAQSSAPTVELDSGAIAGSTADGVVSFKGIPYAAPPVGNLRWRAPQPVASWTGVRAATEYGYDCIQLPLEGDAAASGGEMSEDCLVLNVWRPAEIAPGERLPVLVWIHGGGFLNGSAAAPIYDGTAFAQQGLVVVSFNYRLGRLGFFAHPALTAANEGPLGNYGLMDQIAALEWVQRNIAAFGGDPARITLMGQSAGGISVMYHLTAPESQGLFHQAAVLSGGGRTYLLGLRNLRESTDALPSAEQSGLAFGRRFGIRGRGRAALRSLRSLSAEEVNGDLSMAALVEKPADYAGLEHHHHHH
WP_139584963.1	65.87	54.8249588	MRGPADHPPPAGNTRADRVSPGFRGRLFTLAAAGIAVAVGLFTITVATGSASAADNPYQRGPDPTRTSVTAVNGPFANTSVSVPTGYGFNGGRIYYPTDTSQGTFGAIAISPGYTALFSAELAWMGPWLASHGFVVIGIETNSRNDFDTARGTQLLAALDYLTQQSPVRDRVDPNRLAVAGHSMGGGGALSAAIRRPSLKAVVGIAPYSPSSNLANDRVPTMIFSGQADTVVTPSYATGLYNSLPATTESVYLEVAGADHGFMVGRSNPVMVRTMLPFVKMFIDDDARYSQFLCPLLDNSGVVTYRSTCPLLPTTPTTPPTGTPTPTPTPTQTTPPPGSASQIVGTQSGRCVDVPNASTTNGTRVQLYDCNRQTNQAWTYTSTKQLQVYGTMCLDAAGTGNGAAVQIYSCHSQTNQQWNVNSNGTISSVQSGRCLDAWSTANGAQIQLYDCHGQTNQQFRLAALA
WP_104613137.1	65.64	49.6783638	MAVMTPRRERSSLLSRALQVTAAAATALVTAVSLAAPAHAANPYERGPNPTDALLEARSGPFSVSEENVSRLSASGFGGGTIYYPRENNTYGAVAISPGYTGTEASIAWLGKRIASHGFVVITIDTITTLDQPDSRAEQLNAALNHMINRASSTVRSRIDSSRLAVMGHSMGGGGSLRLASQRPDLKAAIPLTPWHLNKNWSSVRVPTLIIGADLDTIAPVLTHARPFYNSLPTSISKAYLELDGATHFAPNIPNKIIGKYSVAWLKRFVDNDTRYTQFLCPGPRDGLFGEVEEYRSTCPF
erickson_702	65.57	44.54546356	MAANPYERGPNPTDALLEARSGPFSVSEENVSRLSASGFGGGTIYYPRESNTYGAVAISPGYTGTEASIAWLGERIASHGFVVITIDTITTLDQPDSRAEQLNAALNHMINRASSTVRSRIDSSRLAVMGHSMGGGGTLRLASQRPDLKAAIPLTPWHLNKNWSSVTVPTLIIGADLDTIAPVATHAKPFYNSLPSSISKAYLELDGATHFAPNIPNKIIGKYSVAWLKWFVDNDTRYTQFLCPGPRDGLFGEVEEYRSTCPFLEHHHHHH
WP_117215036.1	65.51	56.23088455	MQLNKTQASPVAGHASRVWTRAIAAASLGILTAIAVPGPAMAADNPYQRGPDPTRDSVAASRGTFATASTTVGSGNGFGAGFIYYPTDTSQGTFGAVAIVPGYTATWAAEGAWMGHWLASFGFVVIGIDTINRNDWDTARGTQLLAALDYLTQRSTVRDRVDASRLAVMGHSMGGGGAMYAALQRPSLKAAVGLAPFSPSQNLNGMRVPTMLLAGQHDTTTTPASITSLYNGIPAATEKAYLELSGAGHGFPTSNNSVMMRKVIPWLKIFVDSDVRYTQFLCPLMDNTGIRSYQSTCPLLPGTPTPPNRYEAETSPAVCTGTIASNHTGYSGTGFCDGNNATNAYAQFTVNASAAGSMTLRVRFANGTTTARPASLIVNGSTVQTPSFEGTGAWTTWATKTLTVTLNAGNNTIRFNPTTANGLPNLDYIEIAAP
WP_091553551.1	65.15	55.67366028	MRGHTPHPPPSRDTHTDRVSLGLRGRLLTLAAAGVAVTLGLFTMAVTTGSASAADNPYQRGPDPTRTSVAAVNGPFANTSVSVPTGYGFNGGRIYYPTDTSQGTFGAIAISPGYTALFSAELAWMGPWLASHGFVVIGIETNSRNDFDTARGTQLLAALDYLTQQSPVRDRVDPNRLAVAGHSMGGGGALSAAIRRPGLKAVVGIAPYSPSSNLANDRVPTMIFAGQADTVVTPSYATGLYNSLPATTESVYLEVAGADHGFMVGRSNPVMIRTMLPFVKMFIDNDARYSQFLCPLLDSSGVVTYRSTCPLLPATPTTPPTTPPTTPPATPTVPPNSASAIVGVQSGRCVDVTNASRANGTRVQLYDCNKQSNQAWTYTSDKQLRVYGDMCLDAAGSGNGAAVQIYSCHGQSNQQWNVNSNGTISGVQSGRCLDVWSTANGAQIQLYDCHGQTNQRFNLVSAG
CBY05529.1	64.05	52.79617691	MPPHAARPGPAQNRRGCAMAVMTPRRERSSLLSRALQVTAAAATALVTAVSLAAPAHAANPYERGPNPTDALLEARSGPFSVSEENVSRLGASGFGGGTIYYPRENNTYGAVAISPGYTGTQASVAWLGKRIASHGFVVITIDTITTLDQPDSRARQLNAALDYMINDASSAVRSRIDSSRLAVMGHSMGGGGSLRLASQRPDLKAAIPLTPWHLNKNWSSVRVPTLIIGADLDTIAPVLTHARPFYNSLPTSISKAYLELDGATHFAPNIPNKIIGKYSVAWLKRFVDNDTRYTQFLCPGPRDGLFGEVEEYRSTCPF
WP_091310325.1	63.83	68.74230194	MRRVLSGIAAVLTLVAVAVSPAAAAANPYQRGPDPTLASVAAPYGPFATAQAKVPPGNGFNGGYLYHPADTTLGTWGAVAIVPGYSALFADEEAWMGPRLASFGFVVIGIETNSRTDSADARATQLLAALDYLTQRSPVRTRVDGSRLGVIGHSAGGAGALLAALRRPSLKSVVGLAPGSPVGNLDLAGDRVPTMFIAGQRDPVVTPAYLEKLWVTLPAALKKAYVQIAGADHLFATRPNTVEMRTLVPWLKLALDQDTRYGKFLCPTVADATGISMYRVTCPL
WP_124822775.1	63.24	54.81259537	MRGHGYHPPPSGNTRADRVSPRFRGRLFKLAAAGIAAAVGLLTITVATGSASAADNPYQRGPDPTRTSVTAVNGPFANTSVSVPTGYGFNGGRIYYPTDTSQGTFGAIAISPGYTALFSAELAWMGPWLASHGFVVIGIETNSRNDFDTARGTQLLAALDYLTQQSPVRDRVDPNRLAVAGHSMGGGGALSAAIRRSSLKAVVGIAPYSPSSNLANDRVPTMIFAGQADTVVTPSYATGLYNSLPTTTESVYLEVAGADHGFMVGRSNPVMVRTMLPFVKMFIDNDARYSQFLCPLLDSSGVVTYRSTCPLLPSTPTDPPTPTDPPTPTDPPTVPPGSASEIVGTQSGRCVDVPNASRNNGTRVQLYGCNKQTNQAWTYTSNKQLQVYGTMCLDAAGTANGAAVQIYTCHSQTNQQWNVNSNGTISNVQSGRCLDAWSTANGAQIQLYDCHGQTNQQFRLAALAQ
OPG07929.1	63.19	59.22382736	MAAAVAVLGLFSAAIAARPASAADNPFQRGPNPTVASVAATRGTFATAQTSVPAGNGFGGGVIYYPTDTSQGTFGGVAIVPGYSALFANEEAWMGPWLASFGFVVIGIETNSRTDSADARGTQLLAALDYLTQRSSVRDRVDPNRLSVVGHSAGGAGVLSALLRRPSLKAGVGLAPGSPVGNYDLYNDRVPTMFISGQRDTTVTQSYLNGLYSTLPATTPSAWVEITGVDHLFATRANTTEMRVLIPWLKIWVDNDTRYTQFLCPLADSSNISMYRNKCPYVPPGGSSPSPSASPSSSPSRSPSPSPSPSTSPSPPPPGACVAAYHTVNSWPGGYQGEVTVTTGGSAVNGWTVRWTLGSGQTITQLWNGTLSTSGSAVTVKNASFNGSLPAGGSATFGFLATGTPSPPSFTCTSP
WP_143737622.1	63.19	64.9870224	MGRLMAAAVAVLGLFSAAIAARPASAADNPFQRGPNPTVASVAATRGTFATAQTSVPAGNGFGGGVIYYPTDTSQGTFGGVAIVPGYSALFANEEAWMGPWLASFGFVVIGIETNSRTDSADARGTQLLAALDYLTQRSSVRDRVDPNRLSVVGHSAGGAGVLSALLRRPSLKAGVGLAPGSPVGNYDLYNDRVPTMFISGQRDTTVTQSYLNGLYSTLPATTPSAWVEITGVDHLFATRANTTEMRVLIPWLKIWVDNDTRYTQFLCPLADSSNISMYRNKCPYVPPGGSSPSPSASPSSSPSRSPSPSPSPSTSPSPPPPGACVAAYHTVNSWPGGYQGEVTVTTGGSAVNGWTVRWTLGSGQTITQLWNGTLSTSGSAVTVKNASFNGSLPAGGSATFGFLATGTPSPPSFTCTSP
CCH19814.1	62.83	55.95272064	MRGHANHPPPSENTRADRMSPRFRGRLFKLAAAGIAAAVGMFTMTVATGSASAADNPYQRGPDPTRTSVTAVNGPFANTSVSVPTGYGFNGGRIYYPTDTSQGTFGAIAISPGYTALFSAELAWMGPWLASHGFVVIGIETNSRNDFDTARGTQLLAALDYLTQQSPVRDRVDPTRLAVAGHSMGGGGALSAATRRSSLKAAVGIAPYSPSSNLANDRVPTMVFAGQADTVVTPSYATGLYNSLPATTESAYLEVAGADHGFMVGRSNPVLVRTMLPFVKMFVDNDARYSQFLCPLLDSSGVVTYRSTCPLLPSTPTTPTATPTNTPTPTASPTVPPTSASQIVGTQSGRCVDVPNASRTNGTRVTLYDCNRQINQTWTYTANKQLQVYGTMCLDAAGTGNGAAVQIYNCHGQTNQQWNVNSNGTISSVQSGRCLDVWSTSNGAQIQLYDCHGQPNQQFRLVSLA
WP_039906502.1	62.83	56.42282486	MSPRFRGRLFKLAAAGIAAAVGMFTMTVATGSASAADNPYQRGPDPTRTSVTAVNGPFANTSVSVPTGYGFNGGRIYYPTDTSQGTFGAIAISPGYTALFSAELAWMGPWLASHGFVVIGIETNSRNDFDTARGTQLLAALDYLTQQSPVRDRVDPTRLAVAGHSMGGGGALSAATRRSSLKAAVGIAPYSPSSNLANDRVPTMVFAGQADTVVTPSYATGLYNSLPATTESAYLEVAGADHGFMVGRSNPVLVRTMLPFVKMFVDNDARYSQFLCPLLDSSGVVTYRSTCPLLPSTPTTPTATPTNTPTPTASPTVPPTSASQIVGTQSGRCVDVPNASRTNGTRVTLYDCNRQINQTWTYTANKQLQVYGTMCLDAAGTGNGAAVQIYNCHGQTNQQWNVNSNGTISSVQSGRCLDVWSTSNGAQIQLYDCHGQPNQQFRLVSLA
SHM40309.1	62.62	56.27591705	MLSFLRSTGRPERRRASLPALLLFTAALVASGLTAAPAAQAADNPYQRGPDPTNASIEAATGPFAVGTQPIVGASGFGGGQIYYPTDTSQTYGAVVIVPGFISVWAQLNWLGPRLASQGFVVIGIETSVITDLPDPRGDQALAALDWATTRSPVASRIDRTRLAAAGWSMGGGGLRRAALQRPSLKAIVGMAPWNGERNWSAVTVPTLFFGGSSDAVASPNDHAKPFYNSITRAEKDYIELRNADHFFPTSANTTMAKYFISWLKRWVDNDTRYTQFLCPGPSTGLFAPVSASMNTCPF
WP_101366623.1	62.42	55.78853989	MRGHTPHPTPSGDTHADRRSPGFRGRLFTLTAAGIVAAVGLFAMVVTTGSASAADNPYQRGPDPTRTSVTAERGPFANTSVSVPTGYGFNGGRIYYPTDTSQGTFGAIAISPGYTALFSAELAWMGPWLASHGFVVIGIETNSRNDFDTARGTQLLAALDYLTQQSPVRDRVDPNRLAVSGHSMGGGGALSAAIRRSSLKAVVGIAPYSPSSNLANDRVPTMIFSGQADTVVTPSYATGLYNSLPATTESVYLEVAGADHGFMVGRSNPVMIRTMLPFVKMFIDNDARYSQFLCPLLDSSGVVTYRSTCPLLPPPATGTPTPTPSGNPTTPPTTPPSTPTAPPGSASEIVGAQSNRCIDAPSRNNGTRVQLYDCNRQSNQLWTYTSGKQLQVSGNMCLDAAGSGNGAAVQIYSCHSQTNQQWNVNSNGTISGVQSGRCLDVWSTANGAQVQLYDCHGQTNQQFRLVSR
WP_083303042.1	62.41	69.39125824	MAMTAPRAASAADNPYQRGPDPTLASVAASRGPFATTQATVPPGNGFNGGYVYYPTDTSLGTWGAVAIVPGYSALFANEEAWMGPWLASFGFVVLGIETNSRNDGADARATQLLAALDYLTQSSPVRNRVDPNRLSVMGHSAGGAGTLMAALRRPSLKTAVGLAPGAPGNSLNMSTTKVPTMLISGQNDGTVTPSYVQGIYNTLPASVEHAWAELAGNDHLSFTRPNPTEMRILIPWLKIFLDNDTRYTQFLCPLADSTGVSRYNSTCPLVPPGVPTSPPTTPPTSTPPPTGPPTSPPPPTTTPPPAGGACTATYRTVGSWSGGFQGEVTVTAGSAAINGWTVRLDLGGGQSISQVWNGTLSTSGSTATVRNVSYNGSLAAAGSTTFGFLGSGTPPAPTPTCTSP
SCF49212.1	62.41	70.10493469	MELPADAPSTPEVRGRAPSAPRLRIVTWLTAALALVLGLTMAMTAPRAASAADNPYQRGPDPTLASVAASRGPFATTQATVPPGNGFNGGYVYYPTDTSLGTWGAVAIVPGYSALFANEEAWMGPWLASFGFVVLGIETNSRNDGADARATQLLAALDYLTQSSPVRNRVDPNRLSVMGHSAGGAGTLMAALRRPSLKTAVGLAPGAPGNSLNMSTTKVPTMLISGQNDGTVTPSYVQGIYNTLPASVEHAWAELAGNDHLSFTRPNPTEMRILIPWLKIFLDNDTRYTQFLCPLADSTGVSRYNSTCPLVPPGVPTSPPTTPPTSTPPPTGPPTSPPPPTTTPPPAGGACTATYRTVGSWSGGFQGEVTVTAGSAAINGWTVRLDLGGGQSISQVWNGTLSTSGSTATVRNVSYNGSLAAAGSTTFGFLGSGTPPAPTPTCTSP
PIG53436.1	61.64	54.39972687	MFTMTVTAGSASAADNPYQRGPDPTRTSVTAVNGPFANTSVSVPTGYGFNGGRIYYPTDTSQGTFGAIAISPGYTALFSAELAWMGPWLASHGFVVIGIETNSRNDFDTARGTQLLAALDYLTQQSPVRDRVDSSRLAVSGHSMGGGGALSAAMRRASLKAVVGITPYSPSSNLANDRVPTMIISGQADTVVTPSYALGLYNSIPATTESVYLEVAGGDHGFMVGRSNPVLVRTMLPFLKMFIDNDTRYSQFLCPLLDNSGVVTYRSTCPLLPTDPTTPPTGTPTPTPTTPAPTTPPPTTPPGSASEIRGTQSNRCIDVPNASRNNGTRVQLYDCNRQTNQAWTYTANRQLQVYGNMCLDAAGSGNGAAVQIYSCHNQTNQQWNINSNGTISGVQSGRCLDVWSTSNGAQIQLYDCHGQTNQQFRLTPLA
WP_099848711.1	61.64	54.4753418	MFKLATAGIAAAVGMFTMTVTAGSASAADNPYQRGPDPTRTSVTAVNGPFANTSVSVPTGYGFNGGRIYYPTDTSQGTFGAIAISPGYTALFSAELAWMGPWLASHGFVVIGIETNSRNDFDTARGTQLLAALDYLTQQSPVRDRVDSSRLAVSGHSMGGGGALSAAMRRASLKAVVGITPYSPSSNLANDRVPTMIISGQADTVVTPSYALGLYNSIPATTESVYLEVAGGDHGFMVGRSNPVLVRTMLPFLKMFIDNDTRYSQFLCPLLDNSGVVTYRSTCPLLPTDPTTPPTGTPTPTPTTPAPTTPPPTTPPGSASEIRGTQSNRCIDVPNASRNNGTRVQLYDCNRQTNQAWTYTANRQLQVYGNMCLDAAGSGNGAAVQIYSCHNQTNQQWNINSNGTISGVQSGRCLDVWSTSNGAQIQLYDCHGQTNQQFRLTPLA
WP_091283529.1	61.54	54.79607773	MRGHAHPPPPGNTSAGRVAPGLRGRLAKLAAAGIAAAVGLFTIAVATGSASAADNPYQRGPDPTRASVASENGPFANTSVAVPTGYGFNGGRIYYPTDTSQGTFGAIAISPGYTALFSVELAWMGPWLASHGFVVIGIETNSRNDFDTARGTQLLAALDYLTQQGPVRDRVDSSRLSVAGHSMGGGGALSAAMRRSSLKAAVGIAPYSPSSNLATDRVPTMVFSGQADTVVTPSYATGLYNSLPSTTESAYLEVAGADHGFMVGRSNPVLIRTMLPFLKIFVDNDARYSQFLCPLLDTSGVVTYRSTCPLLPTPPTSPTATPTTTPATPPTTPPPGTASQLVGAQSGRCVDVPNASRANGTRVQLWDCNRQSNQLWTYTSTKQLRVYGDMCLDAAGTGNGAAVQIYGCHGQANQQWNVNSNGTVSNVQSGRCLDVWSTANGAQIQLYDCHGQTNQRFNLTPLA
WP_086849962.1	61.51	53.59384155	MSAPTSPPTTSGLGEKISRRRGWRAKAAGVVLAALALTTAVAAPAPAAANPYERGPDPTDSSIEATRGSFATSTDTVSRLAVSGFGGGTIYYPTTTTAGTFGAISIAPGFTATQSSIAWLGPRLASQGFVVFTIDTLTTSDQPDSRGRQLLASLDYLTQQSSVRSRIDSSRLGVVGHSMGGGGTLEAARSRPSLQAAVPLTGWNLTKNWSTLRVPTLVVGAQSDTIAPVASHSIPFYTSLPSTLDRAYLELRGASHFAPNSSNTTIAKYTLSWLKRFIDNDTRYEQFLCPIPSTSLSISDYRGNCPHNG
WP_013736455.1	61.37	57.3744812	MPTLRGRLTKLAAAGIAAAVGLLTVTVAAGSASAADNPYERGPDPTRTSVATERGPFANTSVSVPTGYGFNGGRIYYPTDTSQGTFGAIAISPGYTALFSAELAWMGPWLASHGFVVIGIETNSRNDFDTARGTQLLAALDYLTQQSPVRDRVDASRLAVAGHSMGGGGALSAATRRPALKAAVGITPFSPSSNLANDRVPTMVISGQADTVVTPSYALDLYNSLPSTTESVYVEVAGGDHGFMVGRSNPVMIRTMLPFLKIFVDNDARYSQFLCPLMDNSGVVTYRSTCPLINTPTTPPPTSPPPTSPPPTSPPPTTPPPGSATQIVGVQSNRCIDVPNSSRNNGTRVQLYDCHGQTNQAWTYTANKQLQVYGNMCLDAAGTGNGAAVQIYSCHGGANQQWNVNSNGTISGVQSGRCLDVWSTSNGAQVQLYDCHGGTNQRFNLVAR
KOX03277.1	61.18	54.63110733	MFTITVATGSASAADNPYQRGPDPTQSSVTAVNGPFANTSVSVPTGYGFNGGRIYYPTDTSQGTFGAIAISPGYTALFSAELAWMGPWLASHGFVVIGIETNSRNDFDTARGTQLLAALDYLTQQSPVRDRVDPTRLAVAGHSMGGGGALSAAMRRPSLKAVVGIAPYSPSSNLANDRVPTMILSGQADTVVTPSYATGLYNSLPSTTESVYLEVAGADHGFMVGRPNPVMVRTMLPFVKMFVDNDARYSQFLCPLLDSSGVVTYRSTCPLLPTTPTTPTPTTPGPTTPGPTPTVSPSVPPTSAGEIVGTQSGRCIDVPNASRNNGTRVQLYDCNRQTNQTWTYTSGKQLQVYGNMCLDAAGTGNGAAVQIYNCHSQTNQQWNINSNGTISSVQSGRCLDAWSTANGAQIQLYDCHGQTNQQFRLVARA
WP_082377728.1	61.18	55.32204056	MRENGHHPPPSGTTNADRVPARFRGRVLKLAAVGIAAVVGMFTITVATGSASAADNPYQRGPDPTQSSVTAVNGPFANTSVSVPTGYGFNGGRIYYPTDTSQGTFGAIAISPGYTALFSAELAWMGPWLASHGFVVIGIETNSRNDFDTARGTQLLAALDYLTQQSPVRDRVDPTRLAVAGHSMGGGGALSAAMRRPSLKAVVGIAPYSPSSNLANDRVPTMILSGQADTVVTPSYATGLYNSLPSTTESVYLEVAGADHGFMVGRPNPVMVRTMLPFVKMFVDNDARYSQFLCPLLDSSGVVTYRSTCPLLPTTPTTPTPTTPGPTTPGPTPTVSPSVPPTSAGEIVGTQSGRCIDVPNASRNNGTRVQLYDCNRQTNQTWTYTSGKQLQVYGNMCLDAAGTGNGAAVQIYNCHSQTNQQWNINSNGTISSVQSGRCLDAWSTANGAQIQLYDCHGQTNQQFRLVARA
WP_125191182.1	61.11	60.12679672	MPERVTLTRPPHPRRNAPLPGHRTNGPVRRLAVTIAAVLGLLVTAVAAVPASAADNPYQRGPAPTLASVAATRGTFATAQMTVSPGNGFNGGTIYYPTDTSLGTWGAVAIVPGYTARFADEEAWMGPWLASFGFVVIGVETNSRTDFDTARGTQLLAALDYLTQKSPVRTRVDPNRLSVIGHSMGGGGALVAAERRPSLKTAVGLAPFKPSGNLAADRVPTMIMGGTADTTVTPSYLDGLHATLPASTENAYLQLTGANHLFPTKPNTLEMRLLIPWLKTFVDSDTRYPQFLCPGPADPTGIASYRGTCPYLPAA
WP_110567505.1	61.03	54.28585052	MRGHGHHPPPSGNTPAARTSRFRGRLFKLAAAGLAAAVGLFTLTVTTGSASAADNPYQRGPDPTRTSVTAVNGPFANTSVSVPTGYGFNGGRIYYPTDTSQGTFGAIAISPGYTALFSAELAWMGPWLASHGFVVIGIETNSRNDFDTARGTQLLAALDYLTQQSPVRDRVDPNRLAVAGHSMGGGGALSAATRRSSLKAVVGIAPYSPSSNLANDRVPTMIFAGQADTVVTPSYATNLYNSLPTTTESVYLEVAGADHGFMVGRSNPVMVRTMLPFVKMFVDNDTRYSQFLCPLADSSGVVTYRSTCPLLPSTPTTPTATPTNTPTPTASPTVPPGSASQIVGTQSGRCIDVPNASHTNGTRVALYDCNRQSNQSWTYTSTKQLQVYGTMCLDAAGSGNGAAVQIYGCHSQTNQQWNVNSNGTISSVQSGRCLDVWSTANGAQVQLYDCHGQTNQQFRLVSLAR
WP_132386942.1	60.88	63.94075012	MPQNGIEHHEPSGSRANRPAVRPSRRLVRRAGVLATVALCALSIVAVIRPASAADNPYQRGPDPTAESVRASRGTFATTQVTVPAGNGFGGGVIYHPTDTSQGTFGAVAIVPGYTATWAAEGAWMGHWLASFGFVVIGVDTINRNDWDTARGTQLLAALDYLTQQSPVRNRVDASRAAVMGHSMGGGGAMSAALRRPSLKAAVGLAPFSPSQNLTNTRVPTMLIAGQNDGTTTPASISTLYNGIPASTESAYLEFAGAGHGFPTSNNPLMMRVVIPWLKIFVDNDTRYSQFLCPLTDRTGITQYRSTCPLTPPGAPTSPPTTTAPPTPTTSPSVTPSTSPSATPTTPAPDGACRATYRTTNSWPGGYQAEVTVTAGNSPINGWTVRWTLGSGQSISQVWNGTLTTSGSAVTVRNVSYNGSLQPGTSTTFGFIGGGTPSTPVLACVSP
WP_093411427.1	60.86	53.82235336	MRGHAPHPPPPGEAHAGRVSPGIRRRLFKLATAGIAAAVGMFTVTVATSSASAADNPYQRGPDPTRASVAAVNGPFVNTSVSVPTGYGFNGGRIYYPTDTSQGTFGAIAISPGYTALFSAELAWMGPWLASHGFVVIGIETNSRNDFDTARGTQLLAALDYLTQQSPVRDRVDPNRLAVSGHSMGGGGALSAAIRRSSLKAAVGITPYSPSQNLANDRVPTMVISGQADTVVTPSYALGLYNSLPASTESVYLEVAGGDHGFMVGRSNPVLIRTMLPFLKMFVDNDSRYSQFLCPLLDSSGVVTYRSTCPLLPTNPTTPPPTGTPTPTPTSTPTPTPTPTTPPPSGSANEIIGTQSGRCIDVPNASRNNGTRVQLYDCNKQTNQSWTYNTTNKQLRVYGDMCLDAAGSGNGTAIQIYTCHNGTNQQWNINSNGTITGVQSGRCLDVWSSNNGAQIQLYDCHGQTNQQ
WP_130464304.1	60.72	55.27713776	MRQHAIDPTPSEGVGADRRSPGLRSWLLSLAAAGIALTLGLFTMAVTTGSASAADNPYQRGPDPTRASVASVNGPFATAQTSVPGGYGFAGGMIYYPTDTSQGTFGGIAISPGYTALFSAELAWMGPWLASHGFVVIGIETNSRNDFDEARGTQLLAALDYLTQQSPVRTRVDPNRLAVSGHSMGGGGALNAAIRRPSLKATVGIAPFLPSSNLANDRVPTMVFAGQADTVVSPSSVLNQYNSLPATTESVYLEVAGADHGFMVGRPNNVMIRTMLPFLKMFVDNDSRYSQFLCPLLDSSGVVTYRSTCPLLPPAPTTPPATGNPTNPPTTPPVTPTVSPTVPPGSASEIRGAQSGRCVDVPNASRSNGTRVQLYDCNRQTNQSWTYTSDRQLRVYGDMCLDAAGSGNGAAVQIYGCHGQANQQWNVNSNGTISGVQSGRCLDAWSTANGAQIQLYDCHGQTNQRFSLTPVG
WP_088988822.1	60.36	55.49733734	MRNDAHHPPPSGPTATEPVRPDRRGRLFKLAAVGLAAAVGLLTMTMTTGSASAADNPYQRGPDPTRTSVTAVNGPFANTSVSVPTGYGFNGGRIYYPTDTSQGTFGAIAISPGYTALFSAELAWMGPWLASHGFVVIGIETNSRNDFDTARGTQLLAALDYLTQQSPVRDRVDPTRLAVAGHSMGGGGALSAAIRRSSLKAVVGIAPYSPSSNLANDRVPTMVISGQADTVVTPSYATGLYNSLPSTTESVYLEVAGADHGFMVGRSNPVMVRTMLPFVKMFVDNDARYSQFLCPLLDNSGVVTYRSTCPLLPSTPTTPTPTPTDPPTPTPTPTVPPGTASEIVGTQSGRCVDVPNASRTNGTRVQLYGCNKQTNQQWTYTSNKQLQVYGNMCLDAAGSGNGAAVQIYSCHSQTNQQWNVNSNGTISGVQSGRCLDVWSTANGAQIQLYDCHGQTNQQFRLTPIA
WP_083302694.1	59.86	54.74471664	MRGHAHPPPPGNTRSDRVPPGFRGRLAKLAAAGIAAAVGLFTIAVATGSASAADNPYQRGPDPTRASVASENGPFANTSVAVPTGYGFNGGRIYYPTDTSQGTFGAIAISPGYTALFSVELAWMGPWLASHGFVVIGIETNSRNDFDTARGTQLLAALDYLTQQSPVRDRVDASRLAVAGHSMGGGGALSAAMRRSSLKAAVGIAPYSPSSNLATDRVPTMVFSGQADTVVTPSYATGLYNSLPTTTESAYLEVAGADHGFMVGRSNPVLIRTMLPFLKIFIDNDARYSQFLCPLLDSSGVVTYRSTCPLLPTPPTSPTATPTTTPTTPPPTSPPGAASQIVGAQSGRCVDVPNASRANGTRVQLYDCNRQSNQSWTYTSTKQLRVYGDMCLDAAGSGNGAAVQIYGCHSQTNQQWNVNSNGTISSVQSGRCLDVWSTANGAQIQLYDCHGQTNQRFSLTPLA
WP_088642378.1	59.73	62.48739243	MMAGTTPYAAAADNPYQRGPDPTPASVAATRGPFATTQATVPAGNGFNGGFVYYPTDTSLGTWGAVAIVPGYSALFANEEAWMGPWLASFGFVVLGIETNSRTDGADARATQLLAGLDYLTRTSPVRSRVDPNRLSVMGHSAGGAGTLLAALRRPSLRTAVGLAPGTPGNNLNMSTTQVPTLLLSGQNDGTVTPSYVQGIYNTLPAGVEHAWAELAGNDHLSFTRSNPTEMRLLIPWLKIFLDYDTRYTQFLCPLSNSTGVSRYSSTCPLVPPGGPTIPPTTTPPPTTPPPTTPPPTTPPPTTPPPTTPPPTTPPPGTACTATYRTIGSWSGGFQGEVTVTAGSAAVDGWTTRWQLGSGQGISQVWNGTLSTSGTTATVRNADYNGTLAPGTSTTFGFLGTGAPTSPSPTCTSP
SCF11721.1	59.47	66.82672119	MKLPTDPPSPQGRGARARSLPRSGIVTWLAVGLAAVLGLTMAMTTPPAAAADNPYQRGPDPTLASVAASRGPFATTQATVPPGNGFNGGYVYYPTDTSLGTWGAVAIVPGYSALFANEEAWMGPWLASFGFVVLGIETNSRTDGADARATQLLAGLDYLTRSSPVRDRVDPNRLSVMGHSAGGAGTLLAALRRPSLKTAVGLAPGAPGNSLNMSTTQVPTMLISGQNDGTVTPSYVQGIYNTLPASVEHAWAELAGNDHLSFTRSNPTEMRILIPWLKIFLDNDTRYTQFLCPLADSTGVSRYNSTCPLVPPGLPTSPPTTPPTTTPPPTGPPTSPPPPTTTPPPSGAACTATYRTVGSWSGGFQGEVTVTAGSAAISGWTVRLDLGGGQSISQVWNGTLSTSGSTATVRNVAYNGSLAAAGSTTFGFLGSGTPPAPTPTCTSP
WP_130401777.1	59.38	54.01741409	MREPADHLPPAGATPADRASPGLRGRLFKLAAAGIAAAVGLLSITLATGSASAADNPYQRGPDPTPTSVTAVNGPFANTSVAVPTGYGFNGGRIYYPTDTSQGTFGAIAISPGYTALFSAELAWMGPWLASHGFVVIGIETNSRNDFDTARGTQLLAALDYLTQQSPVRDRVDPNRLAVAGHSMGGGGALSAATRRSSLKAAVGIAPYSPSSNLANDRVPTMIFAGQADTVVTPSYASGLYNSLPATTESVYLEVAGADHGFMVGRSNPVMVRTMLPFVKMFIDNDTRYSQFLCPLMDSSGVVTSRSTCPLLPSDPTTPTPTPTTPDPTPTVPPGSASEIVGTQSGRCIDVPNASRTNGTRVQLYNCNRQTNQAWTYTSNKQLQVYGTMCLDAAGSGNGAAVQIYSCHSGTNQQWNVNSNGTISGVQSGRCLDVWSTSNGAQVQLYDCHGQTNQQFRLAPLG
WP_145923095.1	59.26	55.70539093	MLRVTHHPPPGGTDSARTRTALPAPGAAPPRPGLPRRRGRLVTLAAAGIAAALVGLFTMTVATGTASAADNPYQRGPDPTRSSVASVNGPFANTSVAVPTGYGFNGGRIYYPTDTSQGTFGAVAISPGYNALFSAELAWMGPWLASHGFVVIGIETNSRNDFDTARGTQLLAALDYLVQQSPVRDRIDPNRLAVSGHSMGGGGALSAALRRSSLKAAVGIAPYSPSSNLANDRVPTMVFAGQADTVVTPSYATGLYNSLPVTTESAYLEVAGADHGFMVGRSNPVLIRTMLPFLKMFVDNDARYSQFLCPLADNNGVVSYRSTCPLLPSTPTTPPPTPSDTPPPTPSQTPTSSPTGNPPGTASLIVGAQSNRCLDVPNASRANGTRVQLWDCNRQANQSWTYTSGKQLRVYGDMCLDAAGSGNGAAVQIYGCHSQTNQQWNVNANGTISSVQSGRCLDVWSTANGAQVQLYDCHGQTNQRFTLTPLT
WP_078844206.1	59.24	57.39574814	MPVAHAHHHASGESGAAARPARGPWRRTAVLSAALLGLLASALTTTASAAGTPHPTPPATAARVQAPAPAGSPYQRGPDPTLASVSASRGTFATAQLSVPPGNGFNGGTIYYPTDTGLGTWGAVAIVPGYTARFADEEAWMGHWLASFGFVVIGVETNSRTDYDTARGAQLLAALDYLTQKSPVRDRVDPARLSVVGHSMGGGGALVAAERRPSLKAAVGLAPFKPSGSPTADRVPTMIMGGTADTTVTPSYLDGLAAALPATTESAYLQLTGANHLFATRPNTLEMRILIPWLKTFVDQDSRYTPFLCPALADPSGVSKYRATCPLLPAGTAAGDRSTETAPHSARP
WP_035286617.1	59.17	62.3360939	MTTSRIRILLIAAILSVTSVAGVVSTASATEGLPTTAAAANPYERGPAPTADSVGGNGPFSVSYSDVSAEDGPGFGGGRIFYPRDTSQGTFGVVAVSPGGGSVQASIGWLARGLATHGFVTIAMSNIANDDNAPERGRQLQAALDHLTRQAPAEVRRRIDTNRLAVAGHSLGGGGALFAARSNPSLKAAFAMAPWSVVSNWSGVGVPTALVGGGKDKTAPVDNFSIPMYEGLPDSTRKAFAELTEADHLTFTRSTPLVSTLAVSWMKRFVDGDTRYTRFLCPGPKGDKVTQYRSNCPFG
WP_124770494.1	58.94	56.16032028	MPGHANHLPPPGDADTARVSPRRRRGMFTLAAAGLAAAVGLLSITVATGSASAADNPYQRGPDPTRTSVATENGPFANTSVSVPTGYGFNGGRIYYPTDTSQGTFGAIAISPGYTALFSAELAWMGPWLASHGFVVIGIETNSRNDFDTARGTQLLAALDYLTQQSPVRDRVDPNRLAVAGHSMGGGGALSAATRRSSLKAVVGIAPYSPSSNLANDRVPTMIFSGQADTVVTPSYATGLYNSLPATTESVYLEVAGADHGFMVGRSNPVMIRTMLPFVKMFIDNDARYSQFLCPLLDSNGVVTYRSTCPLLPSTPTTPTDPPTDPPTD
WP_130477875.1	58.75	53.42066956	MSRIQLRPADPSARRKRGYSNGSPRRAAITFLAALGILVSTVVHGSAFAAEDNPYQRGPNPTQASIAANRGTFATAETSVGGGHGFGAAKIYYPTDTSQGTFGAIAVSPGYTATWAAEGAWMGHWLASFGFVVVGIDTINRNDREYARGTQLLAALDYLTQRSSVRTRVDPNRLAVMGHSMGGGGTISAALRRPTLKAAIGLAPYSPSQTPSGTRVPTMLLAGQNDATSTPASIINHYNAIPASTEKAYLELAGAGHGFPTSNNSVMTRKVIPWMKIFIDQDTRYPRFLCPLRDWTGIRSYRSSCPLLTGSTGAADV
ROO62349.1	58.28	54.65743256	MYPVTRPVGRRLAFGLSAAAAVLVAAVAALTATTPAHADEATLGAAAAQSGRYFGTAVAANKLGDSTYVNILNREFNSVTAENEMKLDATEPQQNQFNFTNGDRIVNHALSRGMAVRGHTLAWHSQQPGWMQSMEGNALRQAMLNHVTRVASYYRGKIHSWDVVNEAFEDGNSGARRNSNLQRTGNDWIEAAFRAARAADPDAKLCYNDYNIDNWSWAKTQAAYNLVRDFKQRGVPIDCVGLQSHFNSQSPYPSNYRTTLSSFAALGVDVQITELDIEGSGSSQANAFRGVVNDCLAIARCTGITVWGIRDSDSWRSYGTPLLFDNNGNKKQAYDATLAALNSATPVPTTAPPTTAPPTSAPPTSPPPVGNPYQRGPDPTRDSVAANRGTFATAEMSVSPGNGFNGGSIYYPTDTSQGTFGAVAIVPGYTARFADEEAWMGHWLASFGFVVIGVETNSTDDFDTARGTQLLAALDWLTSSSPVRDRIDASRQSVIGHSMGGGGALHAAGTRSSLKAAIGLTPFMPSGTPANNQVPTLLIAGTNDTVVAPSYVTDLYNALPSSTERAYMEFVGADHLFPTRPNNLEMRILIPWLKTFVDSDSRYTQFLCPLMDSSGIAGYRNSCPLLPDQPPPTPTPTPDPTTPTPDPTTPGPGTCTATMSTGQVWGDRYNTSVTVTGTSNWTVVVAITPPQRISATWNGNPTWDSSGNVMTIRANGNGNTFGFTTMFNGNSWARPQIRSCTAG
WP_073887759.1	58.17	61.42828369	MWRRGTAAAVGAVVLGALTVAVAVQPASGADNPYQRGPDPTQSSVSASRGTFATAQVGVPAGNGFGGGVIYHPTDTSQGTFGAVAIVPGYTATWAAEGAWMGHWLASFGFVVIGIDTNNRNDWDTARGTQLLAALDYLTQRSSVRDRVDPSRTAVMGHSMGGGGAMYAALQRPSLKTAVGLAPFSPSQNLTTTRVPTMLLSGQNDTTTTPASIVNLYNGIPSSVEKAYLELTGAGHGFPTSNNSTMMRNVIPWLKIFVDSDTRYTQFLCPLSDSNGIRTYQNTCPLVPSPVPTTTSTTSSTSTTTTSTTTTTTTSVPVGACSATYRTTNAWSGGYQGEVTVAAGDSAVNGWTVRWTLDSGQTISQVWNGTLSATGSAVSVRNASYNGSLRPGTSTTFGFIAGGAPSTPVLSCTSP
MTK05241.1	57.95	55.09451294	MPAKVRGRLFKLATAGIAAAVGLFTMTVATSSASAADNPYERGPDPTRTSVATERGPFANTSVSVPSGHGFNGGRIYYPTDTSQGTFGAIAISPGYTALFSVELAWMGPWLASHGFVVIGIETNSTNDFDTARGTQLLAALDYLTQQSPVRDRIDPSRLAVSGHSMGGGGALSAAMRRSSLKAVVGITPFSPSSNLASNQVPTMVISGQADTVVTPSYALDLYNSLPASTESVYLEVAGGDHGFMVGRSNPVLIRTMLPFLKMFVDNDTRYSQFLCPLMDNSGVVTYRSTCPLLPTPPTTPPPTGDPTSPPPSTDPTTPPPSGSTGQIVGTQSNRCIDVPNSSRNNGTRVQLYDCHGQANQTWTYNSTTKQLRVYGDMCLDAAGSGNGAAVQIYNCHGQTNQQWNLNSNGTISGVQSNRCLDVWSTNNGAQIQLYDCHGQTNQQFRIRS
WP_112669767.1	57.91	54.68997955	MRGHGHHPPPSGNSHTDRVSPRFRGRLFKLAAAGIAAAVGLFTITVATGSASAADNPYQRGPDPTRTSVTAVNGPFANTSVSVPTGYGFNGGRIYYPTDTSQGTFGAIAISPGYTALFSAELAWMGPWLASHGFVVIGIETNSRNDFDTARGTQLLAALDYLTQQSPVRDRVDPNRLAVAGHSMGGGGALSAATRRSSLKAVVGIAPYSPSSNLANDRVPTMIFSGQADTVVTPSYATGLYNSLPATTESVYVEVAGADHGFMVGRSNPVMVRTMLPFVKMFIDNDTRYSQFLCPLLDSSGVVTYRSTCPLLPSTPTPTDPPTPTDPPTVPPGSASEIVGTQSGRCVDVPNASRTNGTRVQLYGCNKQTNQAWTYTSNKQLQVYGTMCLDAAGTANGAAVQIYSCHNQTNQQWNVNSNGTISNVQSGRCLDAWSTTNGAQIQLYDCHGQTNQQFRLAALAR
WP_109639600.1	57.82	54.51830292	MPGIRLLRRAAIACTAAVLASTVAAVPAAAADNPYQRGPNPTRESVAASRGTFATAETSVGGGNGFAAAKIYYPTDTGQGKFGAIAVVPGYTATWAAEGAWMGHWLASFGFVVIGIDTLSRNDWDVARGTQLLAALDYLTQRSSVRDRVDATRLAVMGHSMGGGGAISAALRRPSLKTAIGNAPFSASQNLNNMQIPTALLAGQRDGTTTPSSISGYYNQIPAGVEKMYLELTGAGHGFPTSNNSVMTRKVIPWMKIFIDNDTRYHQFLCPLMDNTGISAYRSTCPLIPGDPTPPSDTYSLVGAASGKCADVEGVSQANGARLLLWTCNGQVNQRWTQTAAGELRVYDNPKCMDAGASAQGTRVTINACNGGNSQKWTVNANGTVTNAASGRCLDAGGTADNSPVVVNTCTGGSSQNWSKRS
WP_111700265.1	57.76	56.90112686	MAGAAGWPSTASAADNPYQRGPAPTAASIAADRGPFATAQVTVPRGNGFGGGVIYYPTDTSQGTFGAIAIAPGFGTAWSYYAWQGPRLASFGFVVIGIETNTLNDYADARAAQLLAALDYLVNSSSVRDRVDRNRLAVGGHSMGGGGAILAANQRPSLLTAVGQAPYVPDGSLSGIKSPTIIFAGQVDGTVTPQYAQNAYNTIPGSVERAYVEIANEGHGFPAGGGGGNSGAFARTMMVWLKLFIDRDTRYAPFLCPSLTNANGISKYMASCPLDPPGGGPTASPTSTPTSTPTSTPTSTPTGTPPAGGTSALRGVASGRCLDVNGASQANGATVLIWDCNGQNNQKWTSTSAGELRVYGNKCLDVNGGGTADGSAVIIWDCNGQSNQKWRLNSDGSITAVGANKCLDVSGNGTANGTRVQIWSCTGGTNQKWTRV
WP_141569747.1	57.46	57.28606033	MPEEHTQPARVSGDWGIASGRRGLSAGPVRRIVAVVAVVLGMLAAVVAGVPASAADNPYQRGPDPTLAGVAATRGTFATAQMSVPPGNGFNGGMIYYPTDTSLGTWGAVAIVPGYTARFADEEAWMGHWLASFGFVVIGIETNSRTDFDTARGVQLLAGLDYLTQKSPVRNRVDPNRLSVVGHSMGGGGALVAAERRPSLKAAVGLAPFKPSGNLAADRVPTMIMGGTRDTTVTPSYLDGLYATLPAATESAYVQLSGANHLFPTKPNTLETRILIPWLKTFVDNDTRYTQFLCPTLADPTGTSKYRSTCPYAPAGRSVSSPTADLSSLSR
KWV30420.1	57.31	60.73062134	MVLGLTVSATTPHAAVADSPYQRGPDPTLASVAATRGPFATTQATVPAGNGFNGGFVYYPTDTSLGTWGAVAIVPGYSALFANEEAWMGPWLASFGFVVLGIETNSRTDGADARATQLLAGLDYLTRTSPVRSRVDANRLGVMGHSAGGAGTLLAALRRPSLKTAVGLAPGTPGNNLNMSTTQVPTLLLSGQNDGTVTPSYVQGIYNTLPATVEHAWAELAGNDHLSFTRSNPTEMRLLIPWLKIFLDSDTRYTQFLCPLADSTGVSRYSSTCPLVPSGGPTPPPTTTPPPPTTTPPPTSTPPPPTTTPPPTTPPAGTACTATYRTVNSWSGGFQAEVTVTAGSTATDGWTVRWNLGAGQSVSQVWNGTLSTSGTTATVRNAAYNGTLAPGTSTTFGFLGSGTPSSPSPTCTSP
WP_093954453.1	56.92	53.01951218	MPATERRHHAGRVLRRVVAAAAVVLGAATTVVAVDPVLAADNPYQRGPEPTTSSVAATRGTFATAEVSVSKGNGFGGGKIYYPTDTSKGTFGAIAVVPGYTATWAAEGAWMGPWLASFGFVVIGIDTNSRTDYDTARGTQLLAALDYLTQKSSVRSRVDVKRLSVMGHSMGGGGAMYAALHRPSLWAAVGNAPFSPSQNLKSDRVPTLLLAGQKDTTVTPSSVVGLYNGIPAATEKGYLELTGAAHNFPTRSNSVMMRKVVPWLKIFVDHDTRYGQFLCPSLKDTTGITSYRSTCPLTTAGQ
erickson_709	56.05	44.81772614	MANPYERGPNPTQALLEARSGPFSVSSERAWRLGSDGFGGGTIYYPRENNTYGAVAISPGYTGTQASVAWLGERIASHGFVVITIDTNTTLDQPDSRARQLDAALDHMLNDASSAVRSRIDRNRLAVMGHSMGGGGTLRLASQRPDLKAAIPLTPWHLNKSWSNVQVPTLIIGADLDTIAPVLTHAEPFYNSIPTSTRKAYLELDGATHFAPNITNSTIGMYSVAWLKRFVDEDTRYTQFLCPGPRTGLFSDVEEYRSTCPFLEHHHHHH
WP_043791386.1	56.04	66.41429138	MRRVLFRAVATAAAALSLVAPTASAAAGPYQRGPDPTLASVAASYGPFATAQAKVPPGNGFNGGYVYYPTDTSLGTWGAVAIVPGYSALFANEEAWMGPRLASFGFVVIGIETNSRTDSADARGTELLAALDYLTQKSPVRTRVDASRLGVIGHSAGGAGALLAALRRPSLKSAVGLAPGSPVGNLDLAGDQVPTMFIAGQRDPVVTPAYLDKLYATMPAALKKAYVQITGVDHLFATRPNTVEMRTLIPWLKLALDKDTRYERFLCPALADVTGISVYRSTCPL
WP_084434874.1	55.95	58.61962891	MTTPISGQLRRRWALRLTRAATALAAALALVTGTAPAFADEVGQAPTAANIVGDGSFATTSSAITGQSGFGGGTVYYPTTAGRYPVVAVAPGFLSDWNSLNWLGSRVASWGFVVVGVNTNSGFDFPPSRGDQLLAALNWAVGSAPVAVRDKVDGTRRGVAGWSMGGGGTLEALAKDTTGTVKAGVPLAPWHSDKTWEQVSEPVFLVGGQNDTVAAPSSHAIPFYNSLGGQKSYLELAGQAHFFPTTSNPTVSRAIVSWFKRFVSSDNRFTPFTCGYTGSAVSNFRSSAC
WP_103503499.1	55.9	56.03043365	MALSVFQRVWALTAALMLMLSLGATSSHAAQNPHERGPDPSNSYIEQARGSYSVSQRSISRLGSDGFRDGTMYYPTSTADGRFGVVAISPGYTASESTIAWLGPRLASFGFVVVTINTDSRYDQPRQRATQLHAALDHAIGDSVVGPRIDTSRQAVMGHSMGGGGALQAAEERDEIRAAVPLTPWNLKKGWSGVDAATLVIGAENDAIAPVRSHSIPFYESLTNAERRAYLELRREGHFAPNSSNTLIAKYSVSWLKRYVDNDLRYDQFIDPGPRTGITTGVSDYRLG
OKK16161.1	55.6	55.75146103	MKAAVVAAVTGLLTALVAIQPAPAQSSSAAANPYERGPAPTVSSVAAQRGTFATAEVTVPPGNGFNGGKIYYPTDTSLGTWGAVAAVPGYTARWSAEGAWMGPWLASFGFVVIGIDTNSPNDYDTARGTQLLAALDYLTRKSPVHDRVDPNRLGVIGHSMGGGGAISAAERRPSLKAAVPLAPFSPSQNLSSLRVPTMIMGARDDGTVTPSYLDGLYSGMPAATQSAYIELTSGGHGFPTWGNSHVTRRAIPWLKIFLDNDTRYTQFLCPSPADSREVSRSQTKCPYVPPGGTTTPPSGEQIVGAASGRCLDVVNSSQTSGAQAHPWDCADRPGQKWARTDAGELRVYSNKCLDAEASGTSAGTRVVIWACHGRQNQRWNVNANGTITSVPSGLCLDTYNGGTGNGAQSVLGNCNGASTQRWTLR
WP_083950838.1	55.26	58.71601105	MRAVATTALALTLTAGTGVLAAPAAGAAPAAPAAAAAAAVSPYQHGPDPTEDLIEAPRGPYATAQISVSRLSVTGFGGGVIYYPTTTSEGRFGAIAISPGFTATWSSLDWLGPRLASHGFVVFGIETNTLLDQPDSRGAQLLAALDYLTQRSSVRDRVDASRLAVAGHSMGGGGTLEAAKSRPSLKAAIPIAPWNLDKTWPEVRTPTLIIGGQLDTIAPVATHSIPFYLSLSNAPEKGYLELLGASHFFPQTSNTTMAKYMISWMKRFIDDDTRYSQFLCPAPNDFTLSDSRVTCPV
ADV92525.1	55.08	44.57829285	MANPYERGPNPTDALLEASSGPFSVSEENVSRLSASGFGGGTIYYPRENNTYGAVAISPGYTGTEASIAWLGGRIASHGFVVITIDTITTLDQPDSRAEQLNAALNHMINRASSTVRSRIDSSRLAVMGHSMGGGGTPRLASQRPDLKAAIPLTPWHLNKNRSSVTVPTLIIGADLDTIAPVATHAKPFYNSLPSSISKAYLELDGATHFAPNIPNKIIGKYSVAWLKRFVDNDTRYTQFLCPGPRDGLFGEVEEYCSTCPF
WP_086668955.1	55.01	52.07546997	MRFYQGQLRYSGTVHVHIQLLATLASGLRVSSGTTRARYRASAGHPDNPNDPALNSLSPPLPRKRYCTLSQIQLLRRAAIACTAALGILASTVAAGPASAADNPYQRGPDPTRESVAASRGTFATAETSVGGGNGFGAAKIYYPTVTSQGTFGAIAVSPGYTATWAAEGAWMGHWLASFGFVVIGIDTINRNDREYARGTQLLAALDYLTQRSSVRTRVDPNRLAVMGHSMGGGGTISAALRRPTLKAAIGLAPYSPSQTTTDMRVPTMLLAGQNDGTSTPASILTHYNNIPASTEKAYLELTGAGHGFPTSNNSVMTRKVIPWMKIFIDQDARYPQFLCPLQDWTGIRTYRNSCPLLQRRHQSDLDQAVTRNRT
WP_082403176.1	54.77	55.79932022	MKSSGSAFRDPSGTVPTGRPAGRSWRYALALVAATTTLVALTVAGGTQQATGADNPYQRGPDPTRASVSANRGTFATAQVSVPAGNGFGGGVIYYPTDTSQGRFGAIAVVPGYTATWAAEGAWMGHWLASFGFVVIGIDTNSRNDWDNARGTQLLAALDYLTQRSSVRDRVDASRTSVMGHSMGGGGAANASLQRPTLKTAIGLAPASFSQNLTTTKVPTMLLAGQYDGTVTPSSVLNLYNGIPAGVEKAYLELTGAGHGFPTSNNPTMMRTIIPWFKIFVDSDTRYTQFLCPLADTNGIRTYQSTCPLVPSTPPTSTSTTTTTTGVPTGSTYVGQQSGRCLDVTGQSQTNGAKAQLWDCNGQSNQKWTLTSAAELRVYGGKCLDLPSNSAAGTQAQIWDCNGQSNQKWTHGTDGSIRHTQTGLCLDANGQGTANGTQVNSWNCNGQTNQKWTRR
WP_075737041.1	54.41	58.71591187	MHPNRTVRLRAALIAAVIGLLAALVSTAPATAQANPYQRGPDPTVSSVAAQRGTFATAELTVAPGNGFNGGKIYYPTDTSQGTWAAIAAVPGYTARWDNEGAWMGPWLASFGFVVIGIDTNSTLDWDTARGTQLLAALDYLTQRSPVRDRVDPNRLGVLGHSMGGGGAISAAERRPALKAAVPLAPFSPSQNLSTLRVPTMIVSARDDSVVTPLSVDNLYATMPAATPGAALELTTGGHGFPTWGNSAVTRRTIPWLKIFLDNDTRYTQFLCPSLADLSGISRSRTKCPYGTALAAPETQLAVR
erickson_711	54.16	44.85336304	MANPYERGPDPTQASLEASRGPFPVSEERVSSPVSGFGGGTIYYPQENNTYGAVAISPGYTATQSSVAWLGERIASHGFVVITIDTNTTLDQPDSRADQLEAALDHMVDGASSTVRSRIDRNRLAVMGHSMGGGGTLRLASRRPDLKAAIPLTPWHLNKSWSNVQVPTLIIGAENDTVAPVALHAEPSYTSIPTSTRKAYLELNGASHFAPSVANATIGMYGVAWLKRFVDEDTRYTRFLCPGPRTGLFSDVEEYRSTCPFLEHHHHHH
erickson_606	53.9	47.96973419	MSNPYERGPAPTESSVTAVRGYFDTDTDTVSSLVSGFGGGTIYYPTDTSEGTFGGVVIAPGYTASQSSMAWMGHRIASQGFVVFTIDTITRYDQPDSRGRQIEAALDYLVEDSDVADRVDGNRLAVMGHSMGGGGTLAAAENRPELRAAIPLTPWHLQKNWSDVEVPTMIIGAENDTVASVRTHSIPFYESLDEDLERAYLELDGASHFAPNISNTVIAKYSISWLKRFVDEDERYEQFLCPPPDTGLFSDFSDYRDSCPHTTLEHHHHHH
WP_155388305.1	53.75	52.61929703	MIATTFVATALAAGTALGTGAPAYADEIGQAPTSSNITGNGSFSVSTYNISSLVSGFGGGVAYYPSTAGRYPVVAVSPGFTARWSSISWIGPRLASWGFVVVGIETNSVYDQPASRGSQLLAALNWAVNSAPSAITSRADGSRRGVAGHSMGGGGTLEALAADTTGNVKAGVPLAPWNSDKTWNNVNEPVQIIGGESDTVAGVSSHSIPFYNSLGGSKSYVELNGASHFFPQTTNATTSRALVSWFKRWLNQDARFTPFTCGYSGTAVSDFRTNAC
TQL66274.1	53.41	52.95300293	MRRSLPLRIAAFAAALTVPFLGTAAPAEADTYQRGPDPTASSVLSHGTFALSTTSVSSAVSGFGGGTIYYPSSTDEGTYGGVVLAPGFTASSWMYDSIARRAASHGFVVFAIDTNSIYDQPGSRGTQILAAVDYLKKGASSAVASRLDESRIAVSGHSMGGGGTLEAAKANSSLKAAVALQPWHTDKTWPEVRVPTMIIGAEDDTIAPVASHSIPFYTSATGAREKAYGEVAGAGHLIANTDDDWQGRLYVTWLKRYVDDDTRYSQFLCPPPSSSSLSDYRHTCPD
WP_116813002.1	53.03	54.23193359	MERKNSRRRWAIGLGLLVLAASAHAQTNPYQKGPDPTSASLNATSGPFSVATSSVSSLVTGFGGGTIYYPTTTGTYAVLAISPGFTATQSSIAWLGRRIATHGFVVITIDTNSTLDQPPSRATQLMAALNYVTNSSNATVRSRVDASRRGVAGHSMGGGGTLYAARDNPSLKAAVPLTAWSTLKSFSSMQVPTLVIGAEADTVAPVASHSIPFYNSLSGSLDKAYAELNGASHFAPNSTNTPIGRYSVAWVKRFMDNDTRYTQFLCGTPHQSYATSLVFSDYRSTCPY
WP_086784246.1	53.02	54.93904877	MLRRAAIACAATLGVLASTVTAGPASAADNPHQRGPNPTQASVAASRGTFATSETSVGGGNGFGGAKIYYPTDTSQGKFAALAVSPGYTATWAAEGAWMGHWLASFGFVIIGIDTISRTDWDVARGDQLLAALDYLTQRSSVRDRVDASRVGVMGHSMGGGGAISAGLKRPSLKVVIGNAPYSASQNLTNMRVPVALLAGQRDTTVTPATTNSYYNQVPATTEKMYLELTNAPHSFPTSNNSVMTRKVIPWMKIFLDQDTRYQQFLCPLLDNTGIRTYRSSCPLIGDPMPPADTYRLAGAASGKCADVEGRSQANGAKLLLWTCNGQTNQRWTQTATGELRVYDNPKCVEAGTSAQGTRVTINACNGGNSQKWTVNANGTVTNAVSGRCLDAAGTADNSPIVVNTCTGAGSQNWSKRS
WP_083947829.1	52.71	50.41452026	MLSQVTAVVAAAAAAVTLSAPALAANPYERGPDPTQASLEASRGPFPVSEERVSSPVSGFGGGTIYYPQENNTYGAVAISPGYTATQSSVAWLGERIASHGFVVITIDTNTTLDQPDSRADQLEAALDHMVDGASSTVRSRIDRNRLAVMGHSMGGGGTLRLASRRPDLKAAIPLTPWHLNKSWSNVQVPTLIIGAENDTVAPVALHAEPSYTSIPTSTRKAYLELNGASHFAPSVANATIGMYGVAWLKRFVDEDTRYTRFLCPGPRTGLFSDVEEYRSTCPF
WP_075975245.1	52.43	54.9224472	MTALGTAPTPTRRPRRLARFGAPLAVALAVVAGVTTANAAPAAQAADNPYQRGPNPTASSIEASTGSFAIASTTVSRVAVSGFGGGTIYYPTSTAEGTFGAVAISPGFTALQSSIQWLGPRLASQGFVVFTIDTLTTYDQPDSRGRQLLAALDYLTTSSSVRSRIDSGRLGVIGHSMGGGGTLEAARSRPTLQAAVPLTGWNLTTNWSSLRVPTLVVGAQSDTIAPVAQHSIPFYNSLPTSLDRAYLELRGASHFAPNTANTTIAKYTLSWLKRFIDDDTRYEQFLCPLPSTNLSISAFRGNCPHLG
WP_081656754.1	52.37	45.59481812	MATATLSTQTATASTRNQEPTLQSIEAARGPYEIATQSVPPAVNTGFGGGTIYYPATTGAGKFGAVALSPGYMEKEYSFSWLGTRLASQGFVVFIINTQNSEEFPSARTDELLASLNYLTQTSEVRDRVDPNRLAVMGHSMGGGAALEAAEKNQSLRAVISMTPWNIKTTYSDIKTPTLIIGAQYDNIAPVHDHAQPSYASLPNDLAKSYLELRNGNHFSPNMENTAIARSSTVWLKRFVDGDTRYNKFICPGPTVGDEFNIVQSNCPIL
ALS57601.1	52.37	47.61985397	MNSLSRRLVLGFAATTVMATATLSTQTATASTRNQEPTLQSIEAARGPYEIATQSVPPAVNTGFGGGTIYYPATTGAGKFGAVALSPGYMEKEYSFSWLGTRLASQGFVVFIINTQNSEEFPSARTDELLASLNYLTQTSEVRDRVDPNRLAVMGHSMGGGAALEAAEKNQSLRAVISMTPWNIKTTYSDIKTPTLIIGAQYDNIAPVHDHAQPSYASLPNDLAKSYLELRNGNHFSPNMENTAIARSSTVWLKRFVDGDTRYNKFICPGPTVGDEFNIVQSNCPIL
WP_144126986.1	52.3	52.83502197	MATAFVATALAGGTALGTASPAFADEIGQAPTSSNITGNGSFSVSTYNISSLVSGFGGGVAYYPTTSGRYPVVAVSPGFTARWSSISWIGPRLASWGFVVVGIETNGLYDQPASRGSQLLAALNWAVNSAPSAITSRADGSRRGVAGHSMGGGGTLEALAADTTGNVKAGVPIAPWNSDKTWSGINEAVQIVGGESDTIASVGSHSIPFYNSVSGPKSYVELNGASHFFPQSTNSTLSRALVSWFKRYLNQDARFTPFTCGYGGTAVSDFRTNAC
KJK32958.1	52.01	55.79396057	MLRRAAITVAAALGVLTTIVVPGPASAADNPYQRGPAPTQAGIAANRGTFATAETSVGGGNGFGAAKIYYPTDTSQGKFGAIAVSPGITATWAAEGAWMGHWLASFGFVVIGIDTLGRNDRDVERGTQLLAALDYLTQRSSVRDRVDASRLGVMGHSMGGGGAFSAALRRPSLKTAIGNAPYSPSQNLNNMRVPTALLAGQRDTTSTPSMVSANYNQIPAGVEKMYLELTGAGHAFPTSNNSVVTRKVVPWMKIFLDNDTRYQQFLCPLLDNTGIRTYRSTCPLLPGAPTPPAGTYSLAGPASGKCADVASASQTNGAGLILWSCNGQANQRWTQTAAGELRVYDNPKCMDAGASGQGSRVTINACKDGNSQKWTVNADGTVTNAASGRCLDAGGTADNSPLVVNTCSGGASQNWTKRS
PKZ41776.1	51.77	50.94400787	MMRSLTRTTVLAAGLALGLAAPATAGPVAPAAFSAQEVQPAAEHGPAPTKDSVGVDGPYEVASKKLEAAPDADFYGGTVFHPSNGAEGETFGGVVTMPGFTEPGSAMEFVAKRLASHGFVVLMAEAPTVMSQPQARGKAALGAQKALAADADMAPLLDAERTALVGHSMGGGGVLYAAQESEQDAVVPIHPWAQEGFKGVSEPSLTIAGGIDNVAPAGEYAVPIHESIGSETKGLFTDLAGTHWAGLVDNKVIQGRILSFLKVHVDGDKRYEQFVCAPAEQGFVYRSPC
WP_070705826.1	51.77	51.60050583	MRSLTRTTVLAAGLALGLAAPATAGPVAPAAFSAQEVQPAAEHGPAPTKDSVGVDGPYEVASKKLEAAPDADFYGGTVFHPSNGAEGETFGGVVTMPGFTEPGSAMEFVAKRLASHGFVVLMAEAPTVMSQPQARGKAALGAQKALAADADMAPLLDAERTALVGHSMGGGGVLYAAQESEQDAVVPIHPWAQEGFKGVSEPSLTIAGGIDNVAPAGEYAVPIHESIGSETKGLFTDLAGTHWAGLVDNKVIQGRILSFLKVHVDGDKRYEQFVCAPAEQGFVYRSPC
WP_020639922.1	51.56	58.11746216	MFRKLRWALVAAAVALGFVVPAAGASAADNPYQRGPDPTTASVAATRGTFATAEQTVGGGNGFAAGKIYYPIDTSQGTFGAIAIVPGYTATWAAEGAWMGPWLASFGFVVIGIDTNSRNDYDTARGTQLLAALDYLTQRSPVSGRVDAKRLSVMGHSMGGGGAVYAAIHRPSLWAAVGLAPFSPSQNLTTDKVPALLLAGQNDGTVSPSSVQSLYNGIPAGVEKGYLELAGAGHGFPTSSNSVMMRRVIPWLKIFVDHDSRYSKFLCPSLADSTGISGYRSTCPLDVPGGGDPGPGDQAVSLVGAGSGKCIDVPNQSQANGTALVVWTCNGGTNQRWTPTSAGELRVYNGTKCMDAGSGQPGTAVTINACGGGNSQKWTVNATGTITNAQAGACLDVSGGGTADNTPVIVWNCTGAANQVWTRQM
WP_131056699.1	51.21	53.77293396	MRGHAPPPPPSGITDAHRASPGVRGRLFKLATAGLAAAVGLLTITMATGSASAADNPYQRGPDPTRNSVAAENGPFANTSVSVPSGNGFNGGRIYYPTDTSQGTFGAIAISPGYTALFSAELAWMGPWLASHGFVVIGIETNSRNDFDTARGTQLLAALDYLTQQSTVRNRVDPNRLAVAGHSMGGGGALSAAMRRPSLKAVAGITPYSPSSNLANDRVPTMIISGQADTVVTPSYALGLYNSIPATTESVYLEVAGGDHGFMVGRSNPVLIRTMLPFLKTFVDNDARYTQFLCPLVDNSGVVTYRNTCPLLPPPTGTPTPTPTTPGPTTPPPTTPPPGSASEIVGTQSGRCVDVPNSSRTNGTRVQLYDCNRQTNQTWTYNTSTKQLRVYGDMCLDAAGTGNSAAVQIYACHSQTNQQWNINTNG
WP_091450391.1	51.02	57.47872925	MPALLAIAAGLVAPTSTATAATTSYQRGPNPTEQSVRAANGPFAYSQFAIPDAEATGFGEGTIYYPNNTSVGTFGGVVIAPGFNADQNSTVWLGKRLASHGFVAVTITTHELNDQPYERGKQILAALDYLTGQSPAFVRSRLDPARLAAVGHSMGGGGTLFAAAQRPSLKAIVPLAPWALAKNWSNVQVPTMILSGAQDASAPPAEHAEKFYASLTSAPEKAYAKLDVNHVRFAWEHPLIGKLVVSWLKRFVDEDTRYTQFLCPTATGAVLLEYRATCPLG
WP_141984372.1	50.98	57.29381561	MWRHGAAAAAAVTLLGALTVTSGTSPALGAADNPYQRGPDPTPASVSANRGTFATTQVAVAAGNGFGGGVIYYPTDTSQGQFGAIAVVPGYTATWAAEGAWMGHWLASFGFVVIGIDTNNRNDWDTARGTQLLAALDYLTQRSSVRDRVDATRTAVMGHSMGGGGAASASLQRPSLKASIGLAPASFSQNLTTTRVPTMLLSGQNDTTITPASVVNLYNGIPASVEKAYLELSGAGHGFPTSNNSTMMRNVIPWFKVFVDSDTRYTQFLCPLANWSGIRTYQSTCPLVPSTPPTSTTTSTTTSTTTSTTTTTTPQPVGACNATYRTTNSWPGGYQGEVTVTAGESGVNGWTTRWTLGSGQTVTQVWNGTLTVDGSTASVRNAAYNGSLPAGGSAAFGFIGGGTPPTSLTCTSP
WP_084400763.1	50.73	53.29787445	MSQIQLSSPEPSVQRGSGHVSGPLRGAVIACAVALGLLASTVAVGSASAADNPHQRGPNPTQASISANRGTFATAETSVGSGNGFGAAKIYYPTDTSQGTFGAIAVSPGYTATWAAEGAWMGHWLASFGFVVIGIDTINRNDFDVARGTQLLAALDYLTQRSSVRTRVDPHRLAVMGHSMGGGGTISAALRRPTLKAAIGLAPYSPSQTTTGMQVPTMLLAGQNDGTSTPASIITLHNNIPASTEKAYLELTGAGHGFPTSSNSVVTRKVIPWMKIFIDQDTRYTQFLCPLQDWTGIRSYRNSCPLLPNDPGTTFSLAGSASGKCVDVPGRVRTNGTGLIIWTCNGAANQHWTRTAAGELWIYGNSKCMDASGQGARVTINSCNGGSGQKWTVGTNGTVTNAASAGCLDTGGTADNAPVIVNTCNGGSGQIWIKRS
WP_047194864.1	50.26	53.80229568	MPPDCVLPRRLAAAALLASATLVPLSAAAQTNPYQRGPDPTTRDLEDSRGPFRYASTNVRSPSGYGAGTIYYPTDVSGSVGAVAVVPGYLARQSSIRWWGPRLASHGFVVITLDTRSTSDQPASRSAQQMAALRQVVALSETRSSPIYGKVDPNRLAVMGWSMGGGGTLISARDNPSLKAAVPFAPWHNTANFSGVQVPTLVIACENDTVAPISRHASSFYNSFSSSLAKAYLEINNGSHTCANTGNSNQALIGKYGVAWIKRFVDNDTRYSPFLCGAPHQADLRSSRLSEYRESCPY
GAP50618.1	50.25	55.49938202	MVAVISLISTLVAMPAASARDSPYQRGPDPTVSGVAAQRGTFATAEVSVPPGNGFNGGRIYHPTDTGLGTWGAVAVVPGYTATWNAEGAWMGHWIASFGFVVIGIDTNSPTDWDTARGTQLLAALDYLTQRSPVRDRVDPRRLAVMGHSMGGGGAISAAQRRPSLKAAVPFAPASFSQDLSDVQVPTMVMGARDDGTVTPSSLDTLYATLPAGTEGAFVELSRGGHGFPTWGNSNVTRRVIPWLKLFIDNDTRYTRFLCSTLADSTGVSRYRNTCPYLPGGSTPPPTDEGPIVGARSGRCVDVRNDSRTNGTQVRLRDCSGRPSQQWTPTSAGELRAYGSKCLDAEASGISAGTRVIIRGCHGGSNRQ
WP_052685689.1	49.41	53.32656479	MSQIQLSPADPPIRRERGRSSVPRRRAAIAFTAALGILASTVAPGSASAADNRYQRGPNPTQSSIAANRGTFATAETSVGGGNGFGAAKIYYPTDTSKGTFGAIAVVPGYTATWAAEGAWMGHWLASFGFVVIGIDTLSRNDWDVARGTQLLEALDYLTQRSSVRTRVDPNRLAVMGHSMGGGGTISAALRRPTLKAAIGLAPYSPSQTPSAMQVPTMLLAGQNDGTSTPASVLTHYNNIPASTEKAYLELTGAAHSFPTSNNSVMTRKVIPWMKIFIDQDTRYTQFLCPLLDNTGIRTYRSSCPLLPDDPAPGATFSLESSASGKCADVPGRVQTNGTGLIVWTCNGAANQRWTHTAAGELRIYDNAKCMDANASGQGTRVTINACTGGDSQKWTVDVNGTVTNAASGRCLDAGGTADNSPVVVTTCTGATSQTWSKRS
WP_143590710.1	49.39	50.93776703	MLAGLAASPAHAALNPYQRGPDPTDALLEAPRGPFATASTTVSRLSVSGFGGGVIYYPTDTSQGTFGGIAISPGYTASWSSLDWLGPRIASHGFVVIGIDTLSRYDQPASRGRQLLAALDYLTQRSSVRGRVDASRLAVAGHSMGGGGSLEAADSRPSLQAAVPLAPWHTTKNWSGVRVPTMIIGGESDSVAPVSTHSELFYASIPASSEKAYLELNGASHFFPNTTNTTMAKSMVSWLKRFVDDDVRYDPFLCPGPDGSAVEEYRQTCPLS
WP_132337032.1	49.35	65.54841614	MPESETEPRVSGIAEADRPRSGRSGGLWRRTAAVAAAALCALSVAVAVRPALAADNPYQRGPDPTPASVGASRGTFATAQVSVPAGNGFGGGVIYYPTDTSQGRFGAVAVVPGYTATWAAEGAWMGPWLASFGFVVIGIDTNSRNDWDTARGTQLLAALDYLTQRSSVRDRVDASRAAVMGHSMGGGGAIYAALQRPSLKTTVGLAPFSASQTLNNMRVPTMLLAGQNDGTTTPASIRNYYGQVPSGVEKAYLELTGAGHGFPTSNNPTMMRNVIPWLKIFVDSDTRYTQFLCPLSNTNGIRSYESTCPLVPSPVPTDPPTSAPPTSTPPTTPPPTTPPPTTPAPGGPCAASYRTVNSWSGGFQGEVTVRAGGAPINGWTVRWTLGGGQSISQVWNGTLSTSGSTATVRNAPYNGSLPASGSTTFGFIANGSPSAPTLTCASP
WP_054022242.1	49.31	52.04196167	MNFPRASRLMQAAVLGGLMAVSAAATAQTNPYARGPNPTAASLEASAGPFTVRSFTVSRPSGYGAGTVYYPTNAGGTVGAIAIVPGYTARQSSIKWWGPRLASHGFVVITIDTNSTLDQPSSRSSQQMAALRQVASLNGTSSSPIYGKVDTARMGVMGWSMGGGGSLISAANNPSLKAAAPQAPWDSSTNFSSVTVPTLIFACENDSIAPVNSSALPIYDSMSRNAKQFLEINGGSHSCANSGNSNQALIGKKGVAWMKRFMDNDTRYSTFACENPNSTRVSDFRTANCS
WP_050671122.1	49.15	56.04663467	MRAPRGVVAALALAAAVGLTAPAASAHAPADRATGAPAAAAKPRATAGEDLTRNGPFVYTSTTVADASTPGFGAATIYYPTAAGTYGGVAISPGFLETQSAVKWFGPRLASYGFVVIVIDTNSTMDDPDSRGTQLLASLDYLTGSSAVKGKVDASRLAVMGHSMGGGGSLAAAKARPSLKAAIPLTPWHTDKTWPEVTTPTLIVGAENDTIAPVADHAEPFYASLPASSAHAYLELNNVDHSATNSDNPATSVQSVAWLKRFVNGDTAYSSYLCPGPAPSSTVQEYRSSCPF
KNX38636.1	49.15	57.94412613	MPQGVSVQSSLMRAPRGVVAALALAAAVGLTAPAASAHAPADRATGAPAAAAKPRATAGEDLTRNGPFVYTSTTVADASTPGFGAATIYYPTAAGTYGGVAISPGFLETQSAVKWFGPRLASYGFVVIVIDTNSTMDDPDSRGTQLLASLDYLTGSSAVKGKVDASRLAVMGHSMGGGGSLAAAKARPSLKAAIPLTPWHTDKTWPEVTTPTLIVGAENDTIAPVADHAEPFYASLPASSAHAYLELNNVDHSATNSDNPATSVQSVAWLKRFVNGDTAYSSYLCPGPAPSSTVQEYRSSCPF
WP_065917710.1	48.98	61.18839264	MRIKVVFAALVLALTPAATATAAANPYERGPAPTAATVEAARGTFAVTQAAIARQTNFGGGTIYTPTSDLTFGAVAISPGFTANQSSVAHFGPRLASYGFVVVTINTLSGFDDPDSRGRQLLAALDYAVRTNPRVDASRLAVMGHSMGGGGALRASVSRPALQASIPLAAWHTTKNWSTVGVPTLVLGGQNDPTAPNSQHSTPFYNSITAAPDKAFLELRGGDHSDPRSDNVTVRKFTLSWLKRFVDNDVRYDQFLCPAPAPNTAISAYRDTCPHA
WP_107465080.1	48.88	54.02064896	MATALATPAQADSQNPYERGPAPTLESITAETGPFDIGSVTVPAGSGQGFNSGTVYYPTDTSEGTFGAIAIMPGFLASQSDIAWYGPRLASQGFVVMTLNTNALWDFPTDRSRQQLAALTYLTAQSTVKNRIDPARLAVMGWSMGGGGSLQSAASTPSLKAAIPLAPWDLSNVSSRITVPTMIFGADGDTVASVDDFALPFYNGLANAPDKSLIVLKDTDHFTFAKPNTTIAQYSVSWLKRFVDNDTRYDQFLCPTPNDPHTVVFQITCPL
SPF04022.1	48.88	56.54556274	MKLLPFRALTAIVAVVMATALATPAQADSQNPYERGPAPTLESITAETGPFDIGSVTVPAGSGQGFNSGTVYYPTDTSEGTFGAIAIMPGFLASQSDIAWYGPRLASQGFVVMTLNTNALWDFPTDRSRQQLAALTYLTAQSTVKNRIDPARLAVMGWSMGGGGSLQSAASTPSLKAAIPLAPWDLSNVSSRITVPTMIFGADGDTVASVDDFALPFYNGLANAPDKSLIVLKDTDHFTFAKPNTTIAQYSVSWLKRFVDNDTRYDQFLCPTPNDPHTVVFQITCPL
WP_075846387.1	48.76	59.81031799	MRRSSLRNIRRSVTASLAVSALVLAAGCATDEGERVGGEQDVRAEPGAIDGPLDVATESVDRDDVGFGGGTVYYPDTDDGATYPVIAAAPGRGADEAMVSWYGDLLAANGFVVLTMNSDDSQNSPDERGHQLVEALDHLVDDSAVASRIDAERMGVLGHSMGGGGALVAAAERPDIKAAVALTPHEAAPRDWSELSAPTLIIGGDLDPVTPNEEHAEPMYEELTGAEQKAFMNLNGDHFVATPPSTAASEQVLAWFKRFVDDDADYADELCPAPETSDHVLEYRDTCPHD
WP_086562416.1	48.75	56.55899048	MRPRSRSTRTSAPLSTRSRPLTALIALATSIGLALTLLTATAAPATAAGIPGPTTASLEAAAGPLTTATYTVPRPSGYGSGTVTYPTARGSYPGVVLMPGYQGTQENLKWLAPRLASWGFVVINVGTKTLTDDPESRGRQISAAGTQLLALGKAPRNPLSGKLNGTLGAAGHSMGGGGVMAALRDDPRFRAGVPTAPYHPNGNFSSVTEPTFFLTCQSDPVAHGDTFAVPWYTSMSRAEKLYIEVPGDHLCPMTGYGDKAKQGKWIVSFFSLWLRADTRFGPFLCGPARDADKNDTALVTRWMDTCR
RZS34008.1	48.74	62.37745667	MRPSNRFGGSLIRVFLAFALLFTGGAAVTVAHATGAPASTVAVAPDDPEKPGPFQVEKVAAPAGPGFAGGNLWIPRGGTGLFGGVAVSPGFTELEPAISWYGPHLASHGFVVVTMNTLSPFDQPDQRGDQLLAALDYVTKSSPAKDKVDAGRLAVMGHSMGGGGSLAAAVKQPALKAAVPLAPWHLNKAWGTVRTPTLIIGAEADAIAPVGQHAEPFYDSLPTTLPKAYQELRGADHMVTNSPNPWIARQATSWLKRFVDGNGEYSVFLCPPPQPDDKISEYRSTCPY
WP_122982115.1	48.61	60.19651031	MHRSTSRVRRFLLTTAAALALTVPLGATAAQAADNPYERGPAPTLAALQASRGPYAVSTTSVSRLSVSGFGGGTIYYPTTTADGTFGAIAISPGFTAYWSSISWLGPRLASHGFVVIGIETLTTLDQPDSRGQQLLAALDYLTRSSSVRSRIDASRLAVSGHSMGGGGSLEAASDRPSLQAAVPLAPWNTDKLWTELRVPTLIVGGQADAIAPVATHSIPFYTTIPSSAEKAYLELAGASHFFPQTVDTPTAVQAVAWLKRFVDNDTRYDQFLCPGPRGLQISEYRNTCPIS
BAK48590.1	48.58	50.8748703	MSVTTPRRETSLLSRALRATAAAATAVVATVALAAPAQAANPYERGPNPTESMLEARSGPFSVSEERASRFGADGFGGGTIYYPRENNTYGAIAISPGYTGTQSSIAWLGERIASHGFVVIAIDTNTTLDQPDSRARQLNAALDYMLTDASSAVRNRIDASRLAVMGHSMGGGGTLRLASQRPDLKAAIPLTPWHLNKSWRDITVPTLIIGAEYDTIASVTLHSKPFYNSIPSPTDKAYLELDGASHFAPNITNKTIGMYSVAWLKRFVDEDTRYTQFLCPGPRTGLLSDVEEYRSTCPF
WP_103564314.1	48.52	64.81021118	MRSVARRLAAVSALLALGAAPAVAPAHASAQVTRQAAGSYARGPAPTLAGIRAALGPFAYSTVTVTAAQAGGAFGGGTIYYPDDTSQGTFGGVAAVPGYQSAEKAVAWLGPRLASQGFVVITIATNGLTDQPTARGKQLLGALDYLTAQSPAAVRQRLDPNRLAVTGHSMGGGGTLYAAWTRPSLKAAVPLAPWHTIKNWSGITVPTLVQGGTQDTTAQVGTFAEPIYQSLTGARERAYAEIADAAHGTFVRENPLIGALEVAWLKRFVDDDGRYEQFLCPAPADSELTEYRDSCPSS
WP_045318561.1	48.51	53.28253937	MSQIQRLRRAAITCTAALGILASTVAAGPASAADNPYQRGPNPTRESVAANRGTFATAETSVGGGNGFGGAKIYYPADTSQGKFAALAVVPGYTATWAAEGAWMGHWLASFGFVIIGIDTNSRNDWDTARGDQLLAALDYLTQRSSVRDRVDANRLGVMGHSMGGGGAISAALKRPTLKAAIGNAPFSASQNLTTMRVPIALNAGQRDGTVTPSMVTGYYNQVPATTEKMYLEFSGAGHAFPTSNNSALTRKIIPWMKIFLDQDTRYQQFLCPVMDNTGISASRSSCPLIPGDPTPPTDTYSLAGAASGKCADVEGRSQTNGAKLLLWPCNGQVNQRWTQTAAGELRVYDNPKCMDAGGSGQGERVTSNACNGGNSQKWTVNANGTVTNTTSGRCLDATGTADDAPVVVNTCNGAASQNWSKRS
SNR28278.1	48.37	54.65778351	MPTLTARAAKTALAAALTAAALAVPQTAQAADNPYERGPAPTRQSIEALRGPFATSQTSVSSLGVTGFGGGTIYYPTSTAEGTFGAVAVAPGFTADQTSMAWLGPRLASQGFVIFTIDTLTRLDQPDSRARQLEAALDYLTQRSTVRTRIDTTRLGVMGHSMGGGGTLEAAEDRPQLQAAIPLTPWDLQKNFSDVRVPTMIIGAQADTVAPVASHSQPFYASIPAASEKAYLELAGASHFAPNTSNTTIAKYSISWLKRYIDNDTRYDQFLCPAPSRDLTISEYRDTCPNS
WP_129849678.1	48.1	50.86793518	MQPTSRTAVTPSHPHPHPHRSRACRRSRRLAGTAAAVAAFLGLTTLGGPGAHAAADNPYERGPAPTQASIEAPRGPYAVSQTSVSSLVASGFGGGTIYYPTSTSDGTFGAVVVTPGFTATESSMAWLGPRLASQGFVVFTIDTLTTLDQPDSRGRQMLAALDHLTERSTVRSRVDSTRLGVIGHSMGGGGTLEAAKSRPSLKAAIPLTPWNLDKTWPEVTTPTLVVGADGDTVAPVATHAEPFYSSLPSTTDRAYLELNNATHFAPNISNTTIAKYSVSWLKRFIDDDTRYEQFLCPLPAPDRDIEEYRGKCPLGG
WP_085749752.1	47.71	47.60718536	MFGKLPFARASLAVGALLLSAAAVAQTNPYQRGPDPTVSSLEATRGPFSTSSFTVSRPSGYGAGTVYYPTNAGGKVGAIAVVPGYTARQSSINWWGPRLASHGFVVITIDTNSTLDQPSSRSSQQMAALRQVVSLAGTSSSPIYNKVDTARLGVMGWSMGGGGSLISAKNNPSLRAAAPQAPWAQESFSSVTVPTLIVSCENDSIAPNSSHSFPFYNQMTRNKKANLVINGGSHSCANSGNSDAGLIGKYGVAWMKRFMDDDTRYSKFLCGAEHQADLSKRAVEAYKENCPY
MBA55398.1	46.98	44.48123169	MITDFFKPLVFLAAVFSMQVFATTPTPQPEPEPPGGCSNCYQRGPDPTERALEADRGPYSVRTINVSSWVSGFGGGTIHYPVGTQGKMGAIAVIPGYVSYENSIEWWGGRLASWGFVVITMDTNSIYDQPDSRARQLSAALDYVIAQSNSGSSAISGMVDSNRLGAIGWSMGGGGTLKLSTDRYLKAAIPQAPWYSGFNDFDEITTPTLIIACELDAVAPVAQHASPFYNDIPRSTDKAFLEIRNGSHFCANSGYPDEDILGKYGVSWMKRFIDDDRRYDQFLCGPNHEAEWNISEYRDTCNY
WP_090538641.1	46.89	53.92630386	MINNIFPKSLLSMIAAGALLMSASAFATNPPADPPPGGDSPYARGPDPTVSFLEASSGPYSTRTSRVSGLVSGFGGGTIHYPTGVEGTMAAIVVIPGFVSAESSIDWWGPKLASHGFVVMTIDTNTGFDQPPSRARQINNALDYLISQNSSRTSPVRGMIDTDRLGVIGWSMGGGGTLRVASEGRIKAAIPLAPWDTVSTYAGRSQAPTLIFACQADIIAPVAAHASPFYNRLPNGIEKAFVEINNGTHYCANGGGLNNDVLSRFGVSWMKRFLDEDTRYSQFLCGPNHTSDRKISEYRGNCPY
WP_132628273.1	46.8	54.48612595	MQLTTPHRGARTLTKLALALALLGGGLAAAPAAHAAGPYERGPDPSDALLEASRGPFSTSQRSVSSLVLGFGGGEIYYPDDTSQGTFGAIAISPGYTARWSSLDWLGPRIASHGFVVIGIETNTLYDQPASRGRQLLAALDYLVEDSPSTVRSRIDPSRLAVAGHSMGGGGSLEAADDRSSLRAAVPIAPWNLTKSWSGVRVPTMIIGGESDSIAPVASHSERFYESIPSSSEKAYLELNGASHFFPQVTNTTMAKSMVAWLKRFVDEDTRYEQFLCPPPSGSAIEEYRDTCPSS
WP_133877137.1	46.78	54.55982971	MLRASIAIGVAVAATVLATRSASAADNPYQRGPDPTVASIAATYGPFATAQVNVAPGNGFNGGTIYYPTDTSQGTWGAVAIVPGYTARFADEEAWMGPRLASFGFVVIGVETNSTTDWDTARGTQLLAALDYLTQRSSVRDRVDASRLSVIGHSMGGGGALHAASQRPSLKAAIGLAPFFPSGNLNNVRVPTLIQGGLNDTVVTPSYLDGLYPGLQSGTPGAYVQYSGADHLFWTRANNIELRTLIPWLKIFVDSDTRYSPFLCPGLQDSAQVARYTARCSLIPSGTPSSPTVSPTVTPPVTTAPPSAGALKGRASGRCADITGYGTADGTRLQLYDCTGQWNQTWNYTGNTLVNPQSGKCLNAGSDGTSVNLWTCNGGNAQKWTLQGNGNLVSTASGKCLDAIGQGTGNGTGLQIYNCVAGGQGNQQWSLQ
TDO41999.1	46.78	56.15901566	MHPPDIGATPAHGPEAARPRRRRPGMLRASIAIGVAVAATVLATRSASAADNPYQRGPDPTVASIAATYGPFATAQVNVAPGNGFNGGTIYYPTDTSQGTWGAVAIVPGYTARFADEEAWMGPRLASFGFVVIGVETNSTTDWDTARGTQLLAALDYLTQRSSVRDRVDASRLSVIGHSMGGGGALHAASQRPSLKAAIGLAPFFPSGNLNNVRVPTLIQGGLNDTVVTPSYLDGLYPGLQSGTPGAYVQYSGADHLFWTRANNIELRTLIPWLKIFVDSDTRYSPFLCPGLQDSAQVARYTARCSLIPSGTPSSPTVSPTVTPPVTTAPPSAGALKGRASGRCADITGYGTADGTRLQLYDCTGQWNQTWNYTGNTLVNPQSGKCLNAGSDGTSVNLWTCNGGNAQKWTLQGNGNLVSTASGKCLDAIGQGTGNGTGLQIYNCVAGGQGNQQWSLQ
WP_141208867.1	46.77	53.99440002	MSDTPQTSCPTRTSHRHRRRRFGRLGSGLATAAALVGLLTSLTGGAQAADNPYERGPAPTTASIEAARGPYAVSQTSVSRLAVSGFGGGTIYYPTSTADGTFGAVAVSPGYTAYQSSIAWLGPRLASQGFVVFTIDTLTTSDQPDSRGRQLLAALDYLVQSSAVRSRIDAGRLGVMGHSMGGGGTLEAAKSRPSLQAAIPLTGWNLDKTWPEITTPTLVVGADGDTIAPVATHSQPFYSTLPSSTDRAYIELRGATHFTPNSSNTTIAKYSISWLKRFIDNDTRYEQFLCPLPAVSLTIAESRGNCPHTS
RZI82703.1	46.03	52.98249054	MSIPAFTATRPASKFRLVGAAVLSLISGVAQAQLHGPDPTVQTLEAAKGPYATTSATVGSPSGYGAATVYYPTVRTEGQFGVVVLAPGFLAIQNYYRWLAERVASHGFVVVTVNFNSVFDQPDSRGTQMGKAMQQVVNLSKTMTTPYYGVIDVNRQAMMGHSMGGGGTLAAAKANPALKAAVALAPWHTTKTWSTIQVPTLIISDEKDTIATNTEHSNVFYASFAATLPSAKIELAGADHVCGIQASAETCKTPLAKYSIAWLKRFVDTDTRYTPFVKARAADMSAFETRGQY
AWF98035.1	45.41	58.80931091	MPTAAQAAEPVHHPVTRPAASSHHQPSDVDQIVVPATADPGFGGGTIYAPRDTGRKVLGSVVVTPGFHGRKSDMAAYGTELAAEGFVVFTIDTRDRADLPDQRATEMLAAADYLTGRSAVTGEVSPDRVALLGYSMGGGGTLQAAQRRPSIKAALTLMPYDYPPAGDPKAVHPAYPELTVPTLIITGQEDATAIPAKFGKPAYDSIPAGTPKQYLQLTGLGHAAGMGKPVATIRAAITAFLERYLDGDTAAAKQICPAPKVGGPISASTSSCPTS
RLT92980.1	44.97	56.01612854	MGDCPATAICRSESPGAYSGNGPYGSRSYTLSRFQTPGGATVYYPANAEPPYAGMVFTPPYTGTQAMFAAWGPFFASHGFVLVTMDTSTTLDSVDQRAAQQKEVLNALKSENTRSGSPLRGKLDTARLGAVGWSMGGGATWINSAEYSGLKTAMSLAGHNLTAVDIDSKGYNTRVPTLLFNGAQDLTYLGGLGQSDGVYNNIPAGIPKVFYEVSSAGHFDWGSPTAANRSVASLALAFHKAYLDGDTRWLQYITRPSSDVTTWRTANIR
WP_084693247.1	44.61	73.59436798	MGFLGFSAARCGLVVAAVLPLATGCGDRDAGDPAPTESSLTAPLGPEKYRTEVVPRAYVEAFGGGTIYYPAGRPPGERLGAVTIVPGSRGYQSGMAWYGPLLASRGFIVFTIDTLHLKDQPAKRSLELEAALTYLATRSAVASHVDAERLAVMGHSLGGGGTLDLAATRPNLKAAIPLMPYDKAKDFSNVRVPTLVVAAQHDKIAPVGKHAEVFYRSIPASQPKAYLEIAGATHSFPKRRDATLAKYVIAWLKRYVDGDKRYDRFLCPGPQNDPHVARYASDCTPR
ALD14029.1	44.58	63.71193695	MAVACAAALAGPVTAHADDAGKVDEITVPRNDVSGFGGGTVFAPEVTAGTKLGAVIVTPGYSDTQADMRWYGTDLAAAGFVVFTIDTLHTQDRPQARADEMLAASDYLTGSSAVADEVDPDRVAVLGYSFGGGGALAAAEARHSLRAAIALMPFDVRVSYRADTTPSLIITGQSDHVAFPFLMGKRMYRSLPASTPRQYLELRGVGHAGGERTPNDTIRDAVITFLDRYLDDDDSATARICPAPAATGPISASMSYCG
WP_108710096.1	44.36	53.21634674	MHHPHSTTRPQAPASARRRTGRLAGAAAALAALVGLGTLGGPGAHAADNPYERGPAPTTSSIEATRGPYSVSQTSVSSLAVTGFGGGTIYYPTSTSDGTFGAVAVSPGFTAYESSIAWLGPRLASQGFVVFTIDTLTTVDQPDSRGRQLLAALDYLTERSSVRGRVDASRLGVMGHSMGGGGSLEAAKTRPSLQAAIPLTPWNTDKSWPELTTPTLIFGADGDTIAPVATHAEPFYNGLSSRLDRAYLELNGATHFTPNTSNTTIAKYSISWLKRFIDNDTRYEQFLCPLPQPSLTIEEYRGNCPHTS
OUE26840.1	44.24	62.25684738	MTPLLPRRRTRSTAITSAFVLAFACAAAVAGPVAAHADDAGKVDEVVVPRNDVTGFGGGTIFAPTVDAGTKLGAVVVTPGYSDTQADMRWYGTDLAAAGFVVFTIDTNDTQDPPQARANEMLAASDYLTGSSAVADEVDPARVAELGYSMAGGGVLAAAEARHTLKAVIALMPFDVRVNYTRVTTPSLIITGQSDHVAFPFLMGKRMYRSLPGATPKQYLELRGAGHGAGERTPNDTIRTAVTTFLDRYLNDDESAAASICPAPAAVGPISASMSHCG
OGB27210.1	44.15	48.64473343	MAVGSMLLSMAAQAQVVVFEETFSTGLGKFTAAGSVVTSSGAARLDGCYGCTDGSITSTAISTVDFTGLRLSFDRVTSGLDSGEAGIAEFSTNGSTYTAVESIRTASGRVTFNLPTSAENQSGLRLRFRINASLSSETYTVDNIRLEGTSGSGGGTTNPFEKGPDPTKTMLEASTGPFTYTTTTVSSTTASGYRQGTIYHPTNVTGPFAAVAVVPGYLASQSSINWWGPRLASHGFVVITIDTNSTSDQPPSRATQLMAALNQLKTFSNTSSHPIYRKVDPNRLGVMGWSMGGGGTLIAARDNPTLKAAIPFAPWNSSTNFSTVSVPTLIIACESDSTAPVNSHASPFYNSLPSTTKKAYLEMNNGSHSCANSGNSNAGLIGKYGVSWMKRFMDNDTRFSPYLCGAPHQADLSLTAIDEYRENCPY
WP_156365999.1	44.07	58.02708817	MAAGLTLGAVAPASADSPYERGPDPTTSSIEASSGPFDVDEDSVSSWYVSGFGGGTIYYPEDDSQTYGGVVIAPGYTESSSAMAWLGEYLASHGFVAFNIDTNSRYDQPDSRGRQIEAALDYLAEDSDVSDLVDPDRLAAMGHSMGGGGTLAAAEDRPELKAAIPLTPWHSDKTWGGVTVPTMIIGAENDTIAPNSSHSIPFYNSLSYSTERAYVELDGEGHLVTSSRNTELASNSVSWLKVFVDEDDRYEQFLCPAPSTGWGSPYSDYRDSCPYI
WP_053619136.1	44.07	60.1747818	MRTKKTPSPEGSDSVLLPLATRVASRTALAVAMAAGLTLGAVAPASADSPYERGPDPTTSSIEASSGPFDVDEDSVSSWYVSGFGGGTIYYPEDDSQTYGGVVIAPGYTESSSAMAWLGEYLASHGFVAFNIDTNSRYDQPDSRGRQIEAALDYLAEDSDVSDLVDPDRLAAMGHSMGGGGTLAAAEDRPELKAAIPLTPWHSDKTWGGVTVPTMIIGAENDTIAPNSSHSIPFYNSLSYSTERAYVELDGEGHLVTSSRNTELASNSVSWLKVFVDEDDRYEQFLCPAPSTGWGSPYSDYRDSCPYI
KOX11336.1	44.07	63.13236237	MPLATRVASRTALAVAMAAGLTLGAVAPASADSPYERGPDPTTSSIEASSGPFDVDEDSVSSWYVSGFGGGTIYYPEDDSQTYGGVVIAPGYTESSSAMAWLGEYLASHGFVAFNIDTNSRYDQPDSRGRQIEAALDYLAEDSDVSDLVDPDRLAAMGHSMGGGGTLAAAEDRPELKAAIPLTPWHSDKTWGGVTVPTMIIGAENDTIAPNSSHSIPFYNSLSYSTERAYVELDGEGHLVTSSRNTELASNSVSWLKVFVDEDDRYEQFLCPAPSTGWGSPYSDYRDSCPYI
WP_067035690.1	43.99	57.52614594	MTALIALATTIGLALTLLTVAAPPAAAADLLSQGQPATSSSTENASTPASAAVDGNTGTRWSSTFSDPQWLEVDLGATATISRVVLRWEAAYARAFQIQTSDNGTAWTTIYSTTTSTGGVQTLDVNGSGRYVRFHGTQRGTAYGYSLWEFQVYGSGEGTPPGNGIPDPTTASLEATNGPLTTATYTVPSPTGYGSGTVTYPTNSSSYPGVVLMPGYQGTQQNLQWLAPRLASWGFVVINVGTNTLTDDPESRGRQITAAGTQLLALGNAPGNPISGKLNGTLGAVGHSMGGGGVMAALRDDTRFRAGVPTAPYYPNANFSAVTEPTFFLTCQSDPVAHGNSYAVPWYNSMPQAEKLYIEVPGDHLCPMTGSGNKAKQGKWIVSFLSLWLRADTRFSPFLCGPVRDADKSNTSLVTRWMDTCPY
WP_078759821.1	43.87	58.50617981	MLTHSISPEETDGGRRTPLSRMSRLAARVGVTLSLAAGLTAGVTAPAHASNPYERGPAPTESSVTAVRGYFDTDTDTVSSLVSGFGGGTIYYPTDTSEGTFGGVVIAPGYTASQSSMAWMGHRIASQGFVVFTIDTITRYDQPDSRGRQIEAALDYLVEDSDVADRVDGNRLAVMGHSMGGGGTLAAAENRPELRAAIPLTPWHLQKNWSDVEVPTMIIGAENDTVASVRTHSIPFYESLDEDLERAYLELDGASHFAPNISNTVIAKYSISWLKRFVDEDERYEQFLCPPPDTGLFSDFSDYRDSCPHTT
WP_104293293.1	43.86	59.36109543	MTTRHRSRCLLTTTVAVLMAASAALGTTVPAQAATNAYEPGPAPSEESIAADRGSFAVSEAGVPRDAVAGFGGGTVYYPTDTSAGTFGAVAIAPGFTATESSLAWLGPRLASQGFVVFTIDTITTDDQPAERGDELRAALSYLTTSSPVRDRIDPSRLAVMGHSMGGGGALQAAKDDPSIRAVIAMTPYDLDSTWPEVTTPTLIIGAEDDMIAPVHYHAKPFYESLTSAPAREYVELRHQSHFAPNYPDTTIASASIAWLKRYLDGDQRYQRLACPAHAVSWLISDFRSGC
WP_143713288.1	43.78	57.72164917	MRRILALCVTLALLVIPTGSVAHAADTPYERGPNPSESLIEQRRGNYDIAQRSISRFSSDGFRNGTIYYPTDTSDGKFGVIAISPGYTAGESSIAWLGSRIASFGFVVVTINTTTRYDQPRQRSTQLLAALDHAMNDSVVGPLIDPERQAVMGHSMGGGGALQAAESRPEIDAVVALTPWNLKKNWDGVDAATLIIGAERDTVASVRTHSIPFYESLTQAEQRGYLELRGASHFAPNVSNTTIAKYSIAWMKRYLDNDDRYDQFLNPGPAVGYASGVSDYRLQ
WP_043674879.1	43.7	56.98804092	MSVMSPQLRRPAAVAALALVATLAIPTAAQASTPVHHAAASYTSTAAHHHAPFAVRTTVVPKTAVTTFGGGVIYTPQDTGKPVLGAVVITPGFTDTNANEKEMAELVASQGFVAFAIDTLTTDDLPDLRATQMLAAADYLTGQSAVRSQVSKDDVGLIGYSFGGGGAMQAAQSRPSIKAAIGLMPFDFPPATDPDAMYPAYPHMTTPTLVITGQKDDVADPKDFGKPAYDSIPAGTPKQYLELTGLGHAAGQHVPVATIRTAVTAFLKRYLDGNSAYAKYICPAPKVGGPISASLSSCPKG
REH26413.1	43.63	58.69091034	MRRGGTRGQVTGILVAVLAMVVALAGAVLAARPALAQPRDTAPGNPYQRGPDPTVAMIEASAGPFATASTSVPAGHGFNGGTVYYPTDTSLGTWGALAIVPGYSALFANEEAWMGPWLASFGFVVIGVETTTRTDSADARGTELLAALNYLTTQSPVRDRVDPNRLSVLGHSAGGAGAMLAAERQPTLKAAVGLAPGSPVGNLSLAADTVPTMVIGGQNDAVVTPSYLSGLYATMPASTQSDFAQVAGADHVYYTHPNNVEMKLLIPWLKTFLDNDTRYTPFLCPAPPDPSSISLYTPKCPYVPGGSAPGGGNTGALHAVGAAKCLAAPSTGAPGAQVTIGTCGGQAGQIWTHTAAAQLTVTLGGATLCLDASGQGSSPGTKVIVWSCNGQVNQQWNLNADGTVTGAQSGLCLDVTGASTADGAPVELWSCNGGGNQQWHLG
WP_132675922.1	43.48	55.24679565	MELKRSTSPLARFRRLLVVSTAVLGLVSGSVTLAQAAEPADVHGPDPTEESVTAPRGPFEVDEESVSRLSVTGFGGGTIYYPTDTADGLFSAVSISPGYTGTQDSIAWLGPRLASQGFVVFTIDTNSTSDQPDSRAQQLQASLDYLTNDSSVKDLIDPARLGVMGHSMGGGGSLKAALDNPALKAVVPLTPWHTTKDFSGVGAPTLVIGAQNDTIAPVSQHSKPFYESLPDDPGKAYLELAGASHFAPNSDNTTIAKFGISWLKRFLDDDTRYDQFLCPPPEGDPAISDYQSTCPY
WP_119435032.1	43.44	58.64256668	MSVMPFTLRSRPAAVAALALVATLAIPTPAQAATPVHHPAPARTAAHHHAPFAVRTTVVAKPAVSGFGGGVIYAPQDTGKAVLGSVVITPGFTDTNADEKEMAELVASQGFVAFAIDTLDTGDLPDQRATEMLAAADYLTGKSAVRSEVSADDVALLGYSMGGGGTMQAAQSRPSIKAAIGLMPFDFPPASDPNAQYPSYPAMKTPTLVITGQKDDVADPADFGKPAYDSIPAGTPKQYLELKGLGHAAGEHVPVATIRVAVTAFLERYLEGNSAYAKFICPAPKVGGPISASTSSCGRS
WP_051167764.1	43.43	67.92752075	MLEPAPPALRRRYVACLATAVLAVAAAVTAILAPPSAYAADNPYQRGPDPTVASVAATRGTFATAQLTVPPGNGFGGGYIYYPTDTSHGTWGAVAIVPGYSALFANEEAWMGPWLASFGFVVIGVETNTRSDGADARATELLAALDYLTQQSAVRDRVDAGRLAVMGHSAGGAGTILAAERRPALKAAVGLAPGTPGSLSLATDKVPMMVIGGQTDPTVTPAYLDNLYAGMPTTTPSDFVQIAGADHLFFTRANNTEMKVLIPWLKIFLDNDTRYTQFLCPSLADPSGISLYRSKCPYLPPGTTSPSPSSSVTPSSPSSPSSPSTGCTAGYRTVGQWPGGFQGEVTVTAGSAAISGWTVNWTLGSGQSVTQLWNGTLTTSGSAVTVRNASYSGSVPAGGSVVFGYLADGTPSTPLLTCTGQ
AGL16332.1	43.43	68.70890808	MRNTMLEPAPPALRRRYVACLATAVLAVAAAVTAILAPPSAYAADNPYQRGPDPTVASVAATRGTFATAQLTVPPGNGFGGGYIYYPTDTSHGTWGAVAIVPGYSALFANEEAWMGPWLASFGFVVIGVETNTRSDGADARATELLAALDYLTQQSAVRDRVDAGRLAVMGHSAGGAGTILAAERRPALKAAVGLAPGTPGSLSLATDKVPMMVIGGQTDPTVTPAYLDNLYAGMPTTTPSDFVQIAGADHLFFTRANNTEMKVLIPWLKIFLDNDTRYTQFLCPSLADPSGISLYRSKCPYLPPGTTSPSPSSSVTPSSPSSPSSPSTGCTAGYRTVGQWPGGFQGEVTVTAGSAAISGWTVNWTLGSGQSVTQLWNGTLTTSGSAVTVRNASYSGSVPAGGSVVFGYLADGTPSTPLLTCTGQ
WP_123685830.1	43.36	52.05820465	MRRSPRNLARLVTALALVAGAATATASAQAADNPYERGPDPTESSIEASRGPFAVSQTTVSSLVVSGFGGGTIYYPTDTSQGTFGAVAISPGYTADQTSIAWIGPRLASQGFVVFTIDTITRYDQPASRGDQLLAALDYLTQRSSVASRIDSSRLGVAGHSMGGGGTLEAADERPSLQAAVPLAPWNLRKNFSSVQVPTFIIGGESDTVAPVATHSEPFYTSLPSSLDKAYMELNNASHFFPNTSNTTMAKYMISWFKRFIDNDTRYDQFLCPNPSGLAIEEYRSTCPY
WP_104115406.1	43.27	58.14599991	MPTTIRSRTPVRALARFAVAALAATGGALAAPVAASAASPYERGPAPTSAILEASRGPFATSSINVSSLSVTGFGGGVIYYPTSTAEGTFGAVAISPGYTASWSSLSWLGPRIASHGFVVIGIETNTRLDQPASRGRQLLAALDYLTERSSVRGRIDSSRLAVAGHSMGGGGSLEAAAARPSLQAAVPLAPWNLDKTWSDVRVPTLIIGGETDSVAPVATHSIPFYNSIPASSEKAYLELDGASHFFPQTTNTPTAKQMVAWLKRFVDDDTRYEQFLCPGPSGSAIQEYRNTCPSA
WP_085753242.1	43.25	52.02352142	MKTLFQAAVLCGAMLASATAFAQTNPYQKGPAPTVANLEAARGSFAVSSTSISSLSATGFGGGSLHYPTAAGTYGLIAVAPPYLAQSSSIAWLGPRLASHGFVVVMIDVNSTLDFPESRSRQQLAAIDYAIAQNARRTSPIYGKVDTTRRGVTGHSMGGGASILTARNSPANIKGAFPLTPWSSDKNFSNLQVPTGYLACQDDTVAGNADHSLNFYNRMPASTPKGYYELRGETHFCPQSTTNNPVIGKYLVAWMKRFVDNDTRFSPFLSGALPNADLSSGRFSVLRTSGL
WP_092528534.1	43.13	54.25971222	MADRVRPLRSPHRGILAALTAVATAATIAAGGVTTATAAENPYERGPDPTVASIEAPRGPFAIAETRVSSLSVRGFGGGTIYYPTSTREGTFGAVAIAPGYTADQSSMSWYGPRLASQGFVIFTIDTNSRYDQPASRGAQLLAALDYLVRESSVRSRIDGNRLGVMGHSMGGGGALEAVNDRPALQAAIPLTAWNLDKTWQGVRVPTMIIGAENDSVAPVRSHSMPFYTSLPSTLDKAYLELDNASHFAPNVSNTTIAKYSISWLKRFIDNDTRYERFLCPAPRDSTISEYRDTCPHSS
WP_145865593.1	41.93	56.44091797	MQQHPHTRRRGTRRLAGLTAAVAAVIGLTTLSGPGAHAADNPYERGPAPTESSIEALRGPYAVSETSVSSLAVTGFGGGTIYYPTSTADGTFGAIAISPGFTAYQSSIAWLGPRLASQGFVVFTIDTNTTLDQPDSRGDQLLAALDYLTQRSIVRGRVDSSRLGVMGHSMGGGGSLEAAKDRPSLQAAVPLTPWNLDKSWPEVRTPTLIFGADGDTVAPVSSHAEPLYTGLPSSLDRAYLELNGATHFTPNSSNTTIAKYSISWLKRFIDNDTRYEQFLCPLPRPSLTIEESRGNCPHTS
GDY50131.1	41.57	51.89357758	MLLITLATTIALALLTGSAPPTAAAVPLSQGETAHAVELLSQGKPATASSTENTSTPPSAAMDGNTGVYGTQRGTPHGYSLWEFQVHGSAGGTSPGAGIPDPTTASLEATNGPLATAAYTVPNPSGYGSGTITYPTATGSYPGVVLMPGYQGTQQNLQWLAPRLASWGFVVINVGTNTLTDDPESRGRQISAAGTQLLALGNTTGNPVSGKLNGTLGAAGHSMGGGGVMAALRDDSRFKAGVPTAPFHTSPNFSGVTEPTFFLTCQSDVAAPGNRYALPWYNSMTQAEKLYIEVPGDHLCPMTGSGNKAKQGKWIVSFLSRWLRADTRFSPFLCDAVRDADKNNTSLVTRWMDTCPF
WP_137976057.1	41.57	53.35015106	MRSSRCPADATWPLGTRSRAVMLLITLATTIALALLTGSAPPTAAAVPLSQGETAHAVELLSQGKPATASSTENTSTPPSAAMDGNTGVYGTQRGTPHGYSLWEFQVHGSAGGTSPGAGIPDPTTASLEATNGPLATAAYTVPNPSGYGSGTITYPTATGSYPGVVLMPGYQGTQQNLQWLAPRLASWGFVVINVGTNTLTDDPESRGRQISAAGTQLLALGNTTGNPVSGKLNGTLGAAGHSMGGGGVMAALRDDSRFKAGVPTAPFHTSPNFSGVTEPTFFLTCQSDVAAPGNRYALPWYNSMTQAEKLYIEVPGDHLCPMTGSGNKAKQGKWIVSFLSRWLRADTRFSPFLCDAVRDADKNNTSLVTRWMDTCPF
MBQ14354.1	41.57	67.68869019	MFTRARYLIILFLGLSLWIDASAQAPTRESLGAQGPYQVAYYSNFPAVQEFTAGTIYFPANKAQTFGAVAISPGFAERQENMSWWGRHLASHGFAVLTLDTNELRDDPAIRAEALMAALRVLSGESEREGSPLRGKIDTNRMAIMGHSMGGGGTLLAANTHSSELKAAIPFTPWQPDGDFSDVTVPTLIIAGEIDRVAPVNDHAWPHYQSLSASNPRMYLEIRGGNHFIANTATGGDRLAPNIDVHDLVGSMGVAWLKLFVDGEEEYRDLVFGDMPAGDRERLSRWEFEE
AJP05992.1	41.53	51.69275665	MSAGSRAFHGPRRRLAGAAAAIAAVIGLTTLSSPGAHAADNPYERGPAPTESSIEALRGPYSVAETEVSSLAVTGFGGGTIYYPTSTSDGTFGAVVISPGFTALQSSIAWLGPRLASQGFVVFTIDTNTTVDQPDSRGRQLLAALDYLTERSSVRSRIDSSRLGVMGHSMGGGGTLEAAKTRPSLQAAIPLTPWNLDKTWPEVRTPTLIIGADGDTIAPVASHSEPFYSSLPSSTDRAYLELNGATHFSPNTSNTTIAKYSISWLKRFIDNDTRYDQFLCPLPRPSLTIEEYRGNCPHVS
WP_110080441.1	41.06	54.77055359	MVRRNIVKRSAVLAAAAAVGAAAFLGPQAFAGQPDTTTSAALQVSAFAKGPDPTDQSIRAQKGPFAVQQQSVAAQSGRAFNRGTVYYPTDTSQGTYGAVAVIPGFLEPEFTTSWYGPTLASYGFVVITLEPNSITDFPEPRSNQLLAAVDWLANESPVKDRVDPNRLAVMGHSMGGGGTLLAASKNPALKAAIPLAPWNMSSNFSDVTVPTLIIGADNDVIAPTFMHADPFYESLKGNQNQGYLKLKGADHFTTNGYTATVTKFAVSWLKRFVDDDTRYSQFLCPAPSPDASFVSFKVGCPV
WP_120326365.1	40.87	61.81523132	MSTPTTTRTRPRLTRVARAVTAAVLVAGGALAASPGAAQAADNPYERGPAPTVALLEASRGPFATASQTVSSLSVTGFGGGVIYYPTDTSQGTFGAIAISPGFTASWSSIDWLGPRVASHGFVVIGIETNTRLDQPDSRGRQLLAALDYLVERSSVRGRIDGSRLAVAGHSMGGGGSLEAAALRPSLQAAVPLAPWNTDKTWNTLQVPTLIIGGESDTVAPVASHSIPFYTSIPASAEKAYLELNNASHFFPQTVNTPTARQMVAWLKRFVDNDTRYEQFLCPGPSGLAIEEYRNTCPSA
WP_143737449.1	40.79	54.0375824	MSSAVTTLLLVVLLALAGGLAAPAAHAAVHGPDPTDALLEASRGPYATAQIDVSSLSVSGFGGGTIYYPTTTSEGTFGGVAIAPGYTADKSSLAWLAARLASHGFVVFNIDTLTRLDQPDSRGRQLLAALDYLTQRSSVRGRVDATRLGVMGHSMGGGGTLEAVADRPSLRAAVPLTPWNLDKTWSGVQTPTLIIGADNDTVAPVASHAEPFYTSLPSSLDKAYLELNNATHFAPNTTNTTIGKYAVAWMKRFVDDDTRYGRFLCPGPSSGLLVEEYRSTCPF
OPG10926.1	40.79	55.49390793	MAGPTPTPRECTDVPTHPPTPLLRRMSSAVTTLLLVVLLALAGGLAAPAAHAAVHGPDPTDALLEASRGPYATAQIDVSSLSVSGFGGGTIYYPTTTSEGTFGGVAIAPGYTADKSSLAWLAARLASHGFVVFNIDTLTRLDQPDSRGRQLLAALDYLTQRSSVRGRVDATRLGVMGHSMGGGGTLEAVADRPSLRAAVPLTPWNLDKTWSGVQTPTLIIGADNDTVAPVASHAEPFYTSLPSSLDKAYLELNNATHFAPNTTNTTIGKYAVAWMKRFVDDDTRYGRFLCPGPSSGLLVEEYRSTCPF
WP_086515000.1	40.33	57.66327286	MSVTRSASRTRPAAVAALATLALLGVPTAAQAATPDHAATADHASAHHHAAYPVSQQTIPATDGTGFGAATLYAPQGTGRKTLGAIVVAPGLKGDQSDLAWLAQDLAGEGFIVLNMDTLGKYDLPNQRSYEMLAAAKYLATASSVKDQVDPADIGVVGYSLGGGGALQAAVEQHGLKAAVALMPYDFPAGTTDPYKPTESPTYPGITTPTLVITGQADTTAPAASMGKPAYDSIPASTPKQYLELRGADHLAARATTNGTVRDAVTNFLKVYLDGNSAYRKYVCPAPPTSAAISESASSCPR
WP_015787089.1	40.2	63.37966919	MRIRRQAGTGARASMARAIGVMTTALAVLVGAVGGVAGAEVSTAQDNPYERGPDPTEDSIEAIRGPFSVATERVSSFASGFGGGTIYYPRETDEGTFGAVAVAPGFTASQGSMSWYGERVASQGFIVFTIDTNTRLDQPGQRGRQLLAALDYLVERSDRKVRERLDPNRLAVMGHSMGGGGSLEATVMRPSLKASIPLTPWNLDKTWGQVQVPTFIIGAELDTIASVRTHAKPFYESLPSSLPKAYMELDGATHFAPNIPNTTIAKYVISWLKRFVDEDTRYSQFLCPNPTDRAIEEYRSTCPY
MBT71308.1	39.93	50.52535629	MNLLRIKTLSSGLIGLVLLAGAFSFSTALAQDNSDGRYRPEGRTFARAAANMFDDRLFEARTYDTGTGVAEFAGATIFYPLTLSFDAPNGGVVMVPGYRGTPAVYDWWGPMLASTGVITMIIETNTPEDSLEARKNALIAGVEFLKGENDNPDSPIRGKLDTSNVGIMGHSLGGGASLRAAEELGSQIKAVIPLTPYCCELGQSFEGDLSGVDVPTLIVTSAEDTIAPPETHGRLLYDALNSSTSRVYLEFADGDHMLPSNSGQDLGTLGTYVYAFLKLHFTDNQKYGELINGDGEEQFSTYETN
WP_091449211.1	39.88	57.63709259	MSLSAQLGKRALGVATAVLLTAGTLVGTEAFADENPYQRGPEPTADALAADAGPFAVTRAAVPAGHGFGGGTVYYPSDDSQGTFAGIAVAPGYVESQSAVAWLGPRLASHGFVVITIDTNTRFDQPESRGTQLLAALDYLTGSSAAKARVDPARLAVMGHSMGGGGALSAAAKRPGLRAAVPLAPWSTSKDWSRVRVPTLVVGAERDAIASVGAHAEPFYQSLGGEKAYLEMNEADHFVVNSATPTVGTFTVSWLKRFVDDDTRYEKFLCPAPSPSQLISEYRDTCPHS
WP_104343804.1	39.64	62.56363297	MPVLTSAPRLRPAALTALALVALLAVPTAAQAAPTHHPAHARTASAPAQRHVTHPITTTTVPASPSLGFGGGTIFAPADTGRAVLGSVIVTPGFTDTQAGMRWYGTDLAAEGFVVLTIDTLDPDRYDTPEARATQMLAAADYLTGESAVRSVVSKDRVGLLGFSMGGGGVLQAAQSRPSIKAAVALMPFDFSSDPDGGAPGYPRLTTPALVVSAQADDLADPTLMVKPMYDSIPKGTPKQYLQLRGAGHQAGQTTPNGTIRVAATAFLKRYLDGNGAYGKFICPAPAVTPTGPISESTSTCVDSRRR
WP_023590072.1	39.32	50.84562683	MHQHPHTQRRTRSLSSALAAVAVLVGIGLGPTPGAHAADNPYERGPAPTNASIEAVRGPYAVSQATVSSLAVTGFGGGTIYYPTTTSDGTFGAVAISPGYTGTQSSIAWLGPRLASQGFVVFTIDTNTTLDQPDSRGRQLLAALDYLTRVSPLRTRVDSTRLGVMGHSMGGGGSLEAAKSRPSLQAAIPLTPWNLDKTWPEIQTPTLIVGADGDSIAPVSSHAEPFYENLPSSLDRAYLELNGASHFAPNSSNTTIAKYSISWLKRFIDNDTRYEQFLCPLPRPSLTIEEYRGNCPHQS
KHD76999.1	39.25	56.50356293	MTEEMTLAGKHRTRRTSVVVSALAAIGLGVAGITLVPSADAATTAYPKGPAPTNSSIEATSGPFAIAQTSVSRLTASGFGGGDIYYPTSTSAGTYGAVVIAPGFTAYKSSMAWLAPRIASQGFVVFNIDTLNTSDQPDSRGRQLLAAADYLTGRSSVRTRVDATRVAVVGHSMGGGGTLEASRSRPSLQAAILLTPWNLTKSWRTNTVPTLVVGADGDTVASVTTHAEPFYTSLPASPGKAYLELNNGTHFSPNSSNTTIAKYSIAWLKLFVDNDTRYQQFVCPGPGLGLTVQEYRNTCSSFAI
WP_052163682.1	39.25	56.84363174	MTLAGKHRTRRTSVVVSALAAIGLGVAGITLVPSADAATTAYPKGPAPTNSSIEATSGPFAIAQTSVSRLTASGFGGGDIYYPTSTSAGTYGAVVIAPGFTAYKSSMAWLAPRIASQGFVVFNIDTLNTSDQPDSRGRQLLAAADYLTGRSSVRTRVDATRVAVVGHSMGGGGTLEASRSRPSLQAAILLTPWNLTKSWRTNTVPTLVVGADGDTVASVTTHAEPFYTSLPASPGKAYLELNNGTHFSPNSSNTTIAKYSIAWLKLFVDNDTRYQQFVCPGPGLGLTVQEYRNTCSSFAI
KOV66859.1	39.23	56.74211884	MRPSSRSPHPTVPSRTRPRAMTALVALATTIGMTLTLLTFAAPSASAADLLSQGKPVTSSSNQSASTPASAAVDGNTATRWSSTFSDPQWLGVDLGASVTVSQVVLRWEAAYARAFQIQTSDDGTTWTTVYSTTTSAGGVQTLDVNGNGRYVRLNGTRRGTAYGYSLWEFQVYGTGGGTPPGNTVPDPTAASLEATDGPLPTAAYTVPNPAGYGSGTITYPTSSGSYPGVVLMPGYQGTQQNLQWLAPRLASWGFVVINVGTITLTDDPASRGRQISAAGTQLLALGNATGNPVSGKLNGTLGAVGHSMGGGGVMAALRDDARFKAGVPTAPYYPNADFSGVTDPTFFLTCQSDPVAHGNTYAVPWYNSMAQAEKLYVEVPGDHLCPMTGSGNKAKQGKWIVSFLSLWLRADTRFGPFLCGPARDADKNNTALVTRWMDTCQF
WP_053744292.1	39.23	58.66191864	MTALVALATTIGMTLTLLTFAAPSASAADLLSQGKPVTSSSNQSASTPASAAVDGNTATRWSSTFSDPQWLGVDLGASVTVSQVVLRWEAAYARAFQIQTSDDGTTWTTVYSTTTSAGGVQTLDVNGNGRYVRLNGTRRGTAYGYSLWEFQVYGTGGGTPPGNTVPDPTAASLEATDGPLPTAAYTVPNPAGYGSGTITYPTSSGSYPGVVLMPGYQGTQQNLQWLAPRLASWGFVVINVGTITLTDDPASRGRQISAAGTQLLALGNATGNPVSGKLNGTLGAVGHSMGGGGVMAALRDDARFKAGVPTAPYYPNADFSGVTDPTFFLTCQSDPVAHGNTYAVPWYNSMAQAEKLYVEVPGDHLCPMTGSGNKAKQGKWIVSFLSLWLRADTRFGPFLCGPARDADKNNTALVTRWMDTCQF
PWW60275.1	38.53	60.9684639	MQRRIFAKAGIAAAAVAVATAALAGPQAFAGEGPGAAVVAFAGHAKGPAPTEQSVGAQRGPFATGKLVVPAQAGRGFNKGTIYYPDDTSQGTFGAVAVIPGFLEGESAISWLGPTLASHGFVVLTLAPNATTDYPEPRSDQLLAAVDWLANQSPVKDRVDPARLAVAGHSMGGGGTLIAASKNPALKAAVPLAPWNLYSDFSDVTVPTLIVGAGRDFIAPAVMHATPMYNSLKAKQDQGYLKLKNADHFTTNRYDATVTAYTVSWLKRYVDEDTRYSQFLCPVKSGFQLTCPV
WP_110080872.1	38.53	61.49849701	MTASITLGGGPVRPVLCRNRGVPMQRRIFAKAGIAAAAVAVATAALAGPQAFAGEGPGAAVVAFAGHAKGPAPTEQSVGAQRGPFATGKLVVPAQAGRGFNKGTIYYPDDTSQGTFGAVAVIPGFLEGESAISWLGPTLASHGFVVLTLAPNATTDYPEPRSDQLLAAVDWLANQSPVKDRVDPARLAVAGHSMGGGGTLIAASKNPALKAAVPLAPWNLYSDFSDVTVPTLIVGAGRDFIAPAVMHATPMYNSLKAKQDQGYLKLKNADHFTTNRYDATVTAYTVSWLKRYVDEDTRYSQFLCPVKSGFQLTCPV
PCI81402.1	38.46	48.63163757	MKSFNLTSKLMFTLLTTLSFSLAAVAPASAQDADEPGRYRPQGREIARDISREFDEALYEVRTYVPTVNVDEFAAATIFYPLTLSFAPPSGAVVLVPGYTATQASYDWWGPALASLGVVVMIIDTNDPRDTFQPRKEAHIAAVEFLKTEIGNSASPINGKVDTNKFAIMGHSLGGGAALAAAQELGSEIKAVIPLMPYCCELGQAFDGDYSGLTVPTLIFASSEDTVAPPAGHARALYDSIADSTNKAYVEFAEGTHNLPTNGGTELANQARFTFAWLKLQMDGNAAYAASFSGELSAELDAKLAVLDTNQ
WP_136529585.1	37.82	53.98744965	MHATIKQRRSLLAGLLTAALAALIGIGVATAPSAAAAENPYERGPAPTESSIEALRGSYSVSSTSVSSLVLGFGGGTIYYPTTTSDGTFGGVVITPGFTAYESSISWLGPRLASQGFVVFTIDTNTTLDQPGQRADQMQAALDYLVESSSVRSRVDENRLAVMGHSMGGGGSLEAARDNPDLKAAIPMTPWHTTKSWSTLSVPTLIFGAENDSVAPVGSHSEPFYNSIPSSRDKMYIELNGASHFAPNSSNTTIAKYSISWLKRFVDDDTRYDQFLCPLPQESSIEESRGTCPLG
WP_037799604.1	36.06	54.16168594	MQQHTSVSVRSPERQGSSRLRTRLTRWGLAGLLAAGTLLTSQAGPAGAADNPYERGPAPTVSSIEASRGPYAVSQTSVSSLSVTGFGGGTIYYPTSTSDGTFGAVAISPGYTAYQSSIAWLGPRLASQGFVVFTIDTNTTLDQPDSRGRQLLAALDYLTGRSSVRDRIDSSRLGVMGHSMGGGGTLEAAKSRPSLQAAIPLTGWNLDKTWPEITTPTLVVGADGDTIAPVATHSEPFYESLPGSLDKAYLELNNATHFTPNTSNTTIAKYSISWLKRFIDNDTRYEQFLCPLPRPSTTIEEYRGNCPHTS
WP_094114762.1	35.8	61.90441132	MKLLSRRGFTTVAAVAVVAALGLQAPAQAATSGHPRNPDPTLASISSMTGPEKAHKTRVLPTDVTGFGGGTIFYPTNTQGKTVGAVVLAPGFTGLKDSVGWYGPALASQGFIVLNMDTLDPSDFPNARADQIGAAVDYLKEAPVLKGRLDPSRIAVAGYSMGGGGALKLATTHPELKAVLAFTPYYGNDDLSSTDLPAAGSITTPTLIITGQADDLAVPATFGRSYYDHLPKTTPRQYIELAGATHEAPQHKNVDILSASIAFLKTFVDQDQRYAHFAFPAPQRASLSVSESVR
SBO93698.1	35.32	51.28695297	MQLSTPRFGARTLTKLALTVSLVGGALMAASPAQAQGPYDRGPDPTDAILEASRGPFSTAQTSVSSLSVTGFGGGTIYYPTDTSQGTFGAIAISPGYTARWSSLSWLGPRIASHGFVVIGIETNSIYDQPASRGRQLLAALDYLVEDSSTTVRSRIDPSRLAVAGHSMGGGGTLEAADDRPSLQAAVPLAPWNLTKSWSGIRVPTMIIGGESDSVASVTTHSEPFYNSIPSSSEKAYLELNNASHFFPQTTNTTMAKSMVAWLKRFVDDDTRYERFLCPPPSGLSIEEYRHTCPSS
WP_150226575.1	34.86	62.39713287	MKRYLAAASAVAAGLALLLAPGAGAAAGNPYERGPAPTQASVEALRGPYAVAETSVSSLAATGFGGGTIYYPTSTADGTFGAVAVSPGFTATQSSVAWLGPRLASQGFVVFVIDTLTTLDQPDSRGRQLLAALDHLTQKSPVRGRVDASRLAVMGHSMGGGGTLEAAKSRPSLKAAVPLTGWNTDKTWPEISTPTLVIGADGDTIAPVATHSEPFYESLPAGLDKAYLELNGATHFTPNTSNTTIAKYSLSWLKRFVDDDVRYEQFLCPLPRPGLTIDEYRGSCPLGS
WP_090758760.1	34.51	59.08376312	MTQAALAVTLIAGALAIGSPAQAAGPYDRGPDPTDAVLEASRGPFSVATQRVSSLVLGFGGGEIYYPTDTSQGTFGAVAISPGYTARWSSLAWLGPRIASHGFVVIGIETNTLYDQPASRGRQLLAALDYLVEDSPLAVRSRIDPGRLAVAGHSMGGGGTLEAADDRPSLQAAVPIAPWNTDKTWPGIQVPTMIIGGESDSIAPVATHAQLFYESIPSSAEKAYLELNGASHFFPQTTNTTMAKSMVAWLKRFVDDDTRYEQFLCPPPSGTAIEEYRHTCPSS
SDJ28682.1	34.51	59.87266541	MQLLSPRTGARTFTRLMTQAALAVTLIAGALAIGSPAQAAGPYDRGPDPTDAVLEASRGPFSVATQRVSSLVLGFGGGEIYYPTDTSQGTFGAVAISPGYTARWSSLAWLGPRIASHGFVVIGIETNTLYDQPASRGRQLLAALDYLVEDSPLAVRSRIDPGRLAVAGHSMGGGGTLEAADDRPSLQAAVPIAPWNTDKTWPGIQVPTMIIGGESDSIAPVATHAQLFYESIPSSAEKAYLELNGASHFFPQTTNTTMAKSMVAWLKRFVDDDTRYEQFLCPPPSGTAIEEYRHTCPSS
WP_019629726.1	33.78	55.62513351	MLSKRGILGALAGGAVAVGCLTAPAHAAGFEKGPDPTTASVTADRGSYDIAQVDVPKGSGTGFADGTIYYPKSTADGTFGAVAVIPGFLEPKSAIDWYGPRLASQGFVVMTLDTTSVFDTPDSRGGQLLAALDYLTSKSTVKDRIDPNRLAVVGHSMGGGGTLSAAANRPNLKAAVALAPWHVSAPLTSVKTPTMIFGSDNDFIAPDGTFAKPFYDGISNAPEKAYVRLKNAGHMAYVFPDKRIAEYTLSWLKRYVDDDTRYTQFLCPGPTNESTIAAYKSTCPM